Id,Title,Industry,Job type,Company,Salary,Grade,Deadline,days left,email,recruitername,Stage,Interview date,Starting date,applied,Link,Location,Score
1,data-science-researcher-graduate, ,graduate-job,bae-systems,"£34,000 + benefits",2:2,4-6-2023, , , , , ,TBC,no,https://www.gradcracker.com/out/141?jobID=46429&u=https%253A%252F%252Fwww.baesystems.com%252Fen%252Fcareers%252Fcareers-in-the-uk%252Fgraduates%252Faccelerate%253Futm_source%253Dgradcracker%2526utm_medium%253Dcpc%2526utm_campaign%253Dclass-of-2023-grad-ugrad%2526utm_content%253Djob-listing&signature=e0841cb06cd2be8aac970a97af7b06ad9e793a93128bf78456ed74aa243f57f5,Great Baddow (Hampshire),0
2,software-developer-professional-programme, ,graduate-job,cadent,"£29,000 + benefits",all grades,4-6-2023, , , , , ,TBC,no,https://www.gradcracker.com/hub/843/cadent/graduate-job/52552/software-developer-professional-programme,Coventry (Hybrid),0
3,technology-graduate-scheme-software-developer-engineer, ,graduate-job,halo-service-solutions,"£30,000 + benefits",all grades,31-7-2023, , , , , ,TBC,no,https://www.gradcracker.com/out/1181?jobID=52480&u=https%253A%252F%252Fhaloservicesolutions.com%252Fcareers%252Fapply%252F%2523apply-here&signature=7fcd156baf72000c3e7a064c06a03f3645e3b5ccf26ea2b67454351640abd944,Stowmarket (Suffolk),0
4,graduate-software-test-engineer, ,graduate-job,cambridge-consultants,Competitive + Profit Share + Generous pension + benefits,2:1,30-6-2023, , , , , ,TBC,no,https://www.gradcracker.com/hub/1088/cambridge-consultants/graduate-job/45351/graduate-software-test-engineer,Cambridge,0
5,graduate-sales-and-applications-engineer, ,graduate-job,clearview-imaging,Competitive + benefits,all grades,Ongoing, , , , , ,TBC,no,https://www.gradcracker.com/out/922?jobID=40903&u=https%253A%252F%252Fwww.clearview-imaging.com%252Fen%252Fcareers%2523application&signature=786a5f9bf08c3235d747e077a989ac6d4e3e23287d16fd6cc5ac2dbceb78ac81,"Thame, Oxford",0
6,graduate-software-development-engineer, ,graduate-job,nfocus,Competitive + benefits,all grades,Ongoing, , , , , ,TBC,no,https://www.gradcracker.com/hub/1010/nfocus/graduate-job/42930/graduate-software-development-engineer,London,0
7,junior-data-processing-analyst, ,graduate-job,adelphi,Competitive + benefits,all grades,Ongoing, , , , , ,TBC,no,https://www.gradcracker.com/out/1061?jobID=51696&u=https%253A%252F%252Feucareers-omnicomhealthgroup.icims.com%252Fjobs%252F37347%252Fjunior-data-processing-analyst%252Fjob%253Fmode%253Dview&signature=b16b8d9c7711919a0bde04e97df0e21ade36809cde77abb2efca718173b15fc2,Bollington (Cheshire),0
8,modeling-and-simulation-engineer-jan-2024, ,graduate-job,bae-systems,"£34,000 + £2,000 welcome bonus + benefits",all grades,31-7-2023, , , , , ,TBC,no,https://www.gradcracker.com/out/141?jobID=52526&u=https%253A%252F%252Fwww.baesystems.com%252Fen%252Fcareers%252Fcareers-in-the-uk%252Fgraduates%252Faccelerate%253Futm_source%253Dgradcracker%2526utm_medium%253Dcpc%2526utm_campaign%253Dclass-of-2024-jan-grads%2526utm_content%253Djob-listing&signature=8d476a8a6fcd83f7c38d4c205ec021c5b9b63fc205552353ad14f95d7f6d12c5,Warton (Lancashire),0
9,population-health-graduate-analytics-trainees, ,graduate-job,graphnet-health,Competitive + benefits,all grades,Ongoing, , , , , ,TBC,no,https://www.gradcracker.com/out/1022?jobID=43639&u=https%253A%252F%252Femployers.sanctuarygraduates.co.uk%252Fgraphnethealth%252Fjob%252Fpopulation-health-graduate-analytics-trainee%252F%253Fref%253DGRADCRACKER&signature=da4e8f6d2b14380df2f3baa3af595126ebbe890d2c5cbc9a3b2ec5ccdf134176,Milton Keynes,0
10,junior-developer, ,graduate-job,reply,Competitive + benefits,2:1,Ongoing, , , , , ,TBC,no,https://www.gradcracker.com/out/691?jobID=52376&u=https%253A%252F%252Fcareer5.successfactors.eu%252Fsfcareer%252Fjobreqcareer%253FjobId%253D9655%2526company%253DC0004534147P&signature=bb3c92a11a231520d2307a10714036d1faf639592c752f782e343f7e27779d6e,Manchester (Hybrid),0
11,kpmg-2023-powered-applications-graduate-programme, ,graduate-job,kpmg,Competitive + benefits,2:2,Ongoing, , , , , ,TBC,no,https://www.gradcracker.com/out/268?jobID=49480&u=https%253A%252F%252Fwww.kpmgcareers.co.uk%252Fgraduate%252Ftechnology-engineering%252Fpowered-applications%252F%253Futm_source%253Dgradcracker%2526utm_medium%253Dmedia-listing%2526utm_content%253Dtech-eng-grad-powered-app_all%2526utm_campaign%253D2216-kpmg-sr23-grad-core_gradcracker_media-listing_tech-eng-grad-powered-app_all_na_na_nov22&signature=12b93e1a1ed6f9ac7af643f91f77de4d1ab764aa00ae521b0994fd7afb961282,,0
12,data-scientist, ,graduate-job,adelphi,Competitive + benefits,all grades,Ongoing, , , , , ,TBC,no,https://www.gradcracker.com/hub/1061/adelphi/graduate-job/52022/data-scientist,Bollington (Cheshire),0
13,graduate-software-developer-r-and-d, ,graduate-job,nsg-group,"Up to £26,000 + benefits",2:1,Ongoing, , , , , ,TBC,no,https://www.gradcracker.com/out/83?jobID=42986&u=https%253A%252F%252Fwww.pilkington.com%252Fen-gb%252Fuk%252Fabout%252Femployment%252Fuk-graduate-recruitment%252Fonline-application-form&signature=1afb0af8eae24484a61f3ec662aa6a604d5cb3cf6299f08100ec7c69644d3cab,Ormskirk (West Lancashire),0
14,uk-technology-graduate-programme, ,graduate-job,hsbc,Competitive + benefits,2:2,31-5-2023, , , , , ,TBC,no,https://www.gradcracker.com/out/354?jobID=52430&u=https%253A%252F%252Fwww.hsbc.com%252Fcareers%252Fstudents-and-graduates%252Fgraduate-opportunities%252Fuk-technology-graduate-programme&signature=67d27cde3382b93f70116e50ef61059bdc49ac25358362ed5f856aa20579421b,Sheffield,0
15,cyber-security-professional-programme, ,graduate-job,cadent,"£29,000 + benefits",all grades,4-6-2023, , , , , ,TBC,no,https://www.gradcracker.com/hub/843/cadent/graduate-job/52561/cyber-security-professional-programme,Coventry (Hybrid),0
16,technical-systems-administrator-flexible-start-dates, ,graduate-job,tpp,"£35,000 + benefits",2:1,Ongoing, , , , , ,TBC,no,https://www.gradcracker.com/out/578?jobID=33570&u=https%253A%252F%252Ftpp-careers.com%252Froles%252Ftechnical-systems-administrator&signature=a8ed7628259d0828315ffb5234fe61c7c037d87ac963e9ac7d1f96d530f746bb,Leeds,0
17,graduate-qa-automation-engineer, ,graduate-job,reply,Competitive + benefits,2:1,Ongoing, , , , , ,TBC,no,https://www.gradcracker.com/out/691?jobID=52497&u=https%253A%252F%252Fcareer012.successfactors.eu%252Fcareer%253Fcareer%25255fns%253Djob%25255flisting%2526company%253DC0004534147P%2526navBarLevel%253DJOB%25255fSEARCH%2526rcm%25255fsite%25255flocale%253Den%25255fGB%2526career_job_req_id%253D9685%2526selected_lang%253Den_GB%2526jobAlertController_jobAlertId%253D%2526jobAlertController_jobAlertName%253D%2526browserTimeZone%253DEurope%252FLondon%2526_s.crb%253DygpNgIb2KbqmP3bgqeuuk31uA9cMr3qSF%25252fwcXq6NO0M%25253d&signature=72fddf5fd348f3b9f74fb414e1791aa5132ae08dd469595f6f1b3f53dd111ed4,Manchester (Hybrid),0
18,junior-software-developer, ,graduate-job,reply,Competitive + benefits,2:1,Ongoing, , , , , ,TBC,no,https://www.gradcracker.com/hub/691/reply/graduate-job/49596/junior-software-developer,London (Hybrid),0
19,graduate-service-engineer, ,graduate-job,abb-ltd,Competitive + benefits,all grades,31-5-2023, , , , , ,TBC,no,https://www.gradcracker.com/out/23?jobID=52616&u=https%253A%252F%252Fcareers.abb%252Fglobal%252Fen%252Fjob%252F82353904%252FGraduate-Service-Engineer&signature=e1a44d7dfa210bc134f20470e4c4ee095583d749b768e7d21e70e207fcd9e26b,St Neots (Cambridgeshire),0
20,linux-engineers, ,graduate-job,jane-street,Competitive + benefits,all grades,30-6-2023, , , , , ,TBC,no,https://www.gradcracker.com/out/820?jobID=44448&u=https%253A%252F%252Fwww.janestreet.com%252Fjoin-jane-street%252Fposition%252F5448055002%252F&signature=4c4e467da4511cb490af35e06c89cd55b02b2672dd896e56638899707e31bdbd,London,0
21,junior-analytics-developer, ,graduate-job,reply,Competitive + benefits,2:1,Ongoing, , , , , ,TBC,no,https://www.gradcracker.com/hub/691/reply/graduate-job/52257/junior-analytics-developer,Manchester,0
22,graduate-software-engineer, ,graduate-job,clearview-imaging,Competitive + benefits,all grades,Ongoing, , , , , ,TBC,no,https://www.gradcracker.com/out/922?jobID=43825&u=https%253A%252F%252Fwww.clearview-imaging.com%252Fen%252Fcareers%2523application&signature=ec5a608d7fa21e476e6b7726d0938a7692bc74ea6983a43da2e7a018868aa478,Oxford,0
23,graduate-electronics-software-engineer, ,graduate-job,cambridge-consultants,Competitive + benefits,2:1,30-6-2023, , , , , ,TBC,no,https://www.gradcracker.com/hub/1088/cambridge-consultants/graduate-job/50861/graduate-electronics-software-engineer,Cambridge,0
24,junior-cloud-consultant, ,graduate-job,reply,Competitive + benefits,2:1,Ongoing, , , , , ,TBC,no,https://www.gradcracker.com/hub/691/reply/graduate-job/51318/junior-cloud-consultant,London (Hybrid),0
25,graduate-technical-data-analysts, ,graduate-job,jarmany,"£25,000 rising progressively to £30,000 + benefits",2:1,Ongoing, , , , , ,TBC,no,https://www.gradcracker.com/out/839?jobID=38294&u=https%253A%252F%252Fwww.jarmany.com%252Fapply-to-jarmany%252F&signature=d13e1c685e4c7a182ab0d1e45a09381e85327808efea9289f4016683294eda31,London,0
26,graduate-engineering-programme-software-enginering, ,graduate-job,ge-power-conversion,Competitive + benefits,all grades,Ongoing, , , , , ,TBC,no,https://www.gradcracker.com/hub/1185/ge-power-conversion/graduate-job/52661/graduate-engineering-programme-software-enginering,Rugby (Warwickshire),0
27,graduate-information-technology-corporate-services, ,graduate-job,babcock-international-group,"£31,000 + benefits",all grades,31-5-2023, , , , , ,TBC,no,https://www.gradcracker.com/out/113?jobID=46188&u=https%253A%252F%252Fcareer5.successfactors.eu%252Fsfcareer%252Fjobreqcareerpvt%253FjobId%253D46618%2526company%253DC0020126214P%2526st%253D8C8614F4C162E7ED4EC47E29D545C165E05B1399&signature=dabdfac13a5d373d9350b9f23062a0087ff4d1083a98ddbff7a9844df57369cc,,0
28,graduate-graphic-designer, ,graduate-job,venture,"£23,500 based on experience + benefits",all grades,Ongoing, , , , , ,TBC,no,https://www.gradcracker.com/out/1080?jobID=52769&u=https%253A%252F%252Fapp.loxo.co%252Fjob%252FMTI4MDYtcW14NHZzMmlrc3M0NjNvaw%253D%253D%253Ft%253D1684484060602&signature=d7cfb1886faed718693c3a6d42b22714c31d93cf88397b0e1f189ada69213cae,Mountain Ash (South Wales),0
29,manufacturing-technology-future-leaders-programme-montrose-scotland-2023, ,graduate-job,gsk,"£33,600 + benefits",all grades,Ongoing, , , , , ,TBC,no,https://www.gradcracker.com/hub/91/gsk/graduate-job/52422/manufacturing-technology-future-leaders-programme-montrose-scotland-2023,Montrose (Scotland),0
30,quantitative-advisory-services-graduate-programme, ,graduate-job,ey,Competitive + benefits,all grades,Ongoing, , , , , ,TBC,no,https://www.gradcracker.com/out/615?jobID=50448&u=https%253A%252F%252Fad.doubleclick.net%252Fddm%252Ftrackclk%252FN284201.276548GRADCRACKER%252FB28845910.354845397%253Bdc_trk_aid%253D545816608%253Bdc_trk_cid%253D182548305%253Bdc_lat%253D%253Bdc_rdid%253D%253Btag_for_child_directed_treatment%253D%253Btfua%253D%253Bltd%253D&signature=213513b30c36f3a49f50b41ccff3b1a27cc50ea9cbe561dbdfa39414487c5c5f,,0
31,graduate-design-engineer, ,graduate-job,slipstream-design,"£27,500 - £31,000 + benefits",2:1,19-6-2023, , , , , ,TBC,no,https://www.gradcracker.com/hub/1041/slipstream-design/graduate-job/44124/graduate-design-engineer,Shipley (West Yorkshire),0
32,technical-graduate-space-defence-and-intelligence-2023, ,graduate-job,cgi,Competitive + benefits,all grades,Ongoing, , , , , ,TBC,no,https://www.gradcracker.com/hub/89/cgi/graduate-job/52156/technical-graduate-space-defence-and-intelligence-2023,"London, Surrey, Reading, Bristol, Manchester, Gloucester and Chippenham (Hybrid)",0
33,graduate-software-developer, ,graduate-job,sea,"£28,000 increasing to £30,000 in year 2 + benefits",all grades,Ongoing, , , , , ,TBC,no,https://www.gradcracker.com/hub/815/sea/graduate-job/52634/graduate-software-developer,Barnstaple (North Devon),0
34,finance-modelling-graduate-programme, ,graduate-job,ey,Competitive + benefits,all grades,Ongoing, , , , , ,TBC,no,https://www.gradcracker.com/out/615?jobID=50444&u=https%253A%252F%252Fad.doubleclick.net%252Fddm%252Ftrackclk%252FN284201.276548GRADCRACKER%252FB28845910.354845403%253Bdc_trk_aid%253D545725863%253Bdc_trk_cid%253D182548305%253Bdc_lat%253D%253Bdc_rdid%253D%253Btag_for_child_directed_treatment%253D%253Btfua%253D%253Bltd%253D&signature=2cd42d7488b2c69644fc51e587fb64e708034070408d8a02c985163a2850f245,Edinburgh,0
35,graduate-technical-support-engineer, ,graduate-job,xpedite,"£28,500 + benefits",2:1,Ongoing, , , , , ,TBC,no,https://www.gradcracker.com/hub/738/xpedite/graduate-job/28529/graduate-technical-support-engineer,Bath,0
36,china-software-development-consultant-graduate-programme, ,graduate-job,fdm-group,Competitive + benefits,2:2,Ongoing, , , , , ,TBC,no,https://www.gradcracker.com/out/308?jobID=52818&u=https%253A%252F%252Fcareers.fdmgroup.com%252Fvacancies%252F444%252Fchina--software-development-consultant-graduate-programme-%2525E8%2525BD%2525AF%2525E4%2525BB%2525B6%2525E5%2525BC%252580%2525E5%25258F%252591%2525E7%2525AE%2525A1%2525E5%25259F%2525B9%2525E7%252594%25259F.html%253Futm_source%253Dgradcracker%2526utm_medium%253Dprofile%2526utm_campaign%253Droles_%2526utm_content%253Dchina&signature=76f04e63ea207d94c099de97dd11eb2185c42539e5e9362a97e50c98f93fe28d,China,0
37,graduate-systems-engineer, ,graduate-job,its-technology-group,Competitive + benefits,2:2,16-6-2023, , , , , ,TBC,no,https://www.gradcracker.com/hub/1177/its-technology-group/graduate-job/52183/graduate-systems-engineer,Daresbury (Cheshire),0
38,graduate-developers-autumn-2023-start, ,graduate-job,dorset-software-services,"£27,000 during initial 5-month training period, rising to £30,240 on completion + benefits",2:1,Ongoing, , , , , ,TBC,no,https://www.gradcracker.com/out/514?jobID=38245&u=https%253A%252F%252Fwww.dorsetsoftware.com%252FCareers%252FVacancies%253Futm_source%253Dgradcracker%2526utm_medium%253Ddisplay%2526utm_campaign%253Drecruitment%252B2021%2526utm_content%253DGD&signature=d3d37a165302cbbd547a571a67de226937074d709e4df0510931ecf0aef9a175,Oxford,0
39,metadata-analyst-professional-programme, ,graduate-job,cadent,"£29,000 + benefits",all grades,4-6-2023, , , , , ,TBC,no,https://www.gradcracker.com/hub/843/cadent/graduate-job/52598/metadata-analyst-professional-programme,Coventry (Hybrid),0
40,machine-learning-researcher, ,graduate-job,g-research,Competitive + benefits,all grades,Ongoing, , , , , ,TBC,no,https://www.gradcracker.com/out/347?jobID=46819&u=https%253A%252F%252Fwww.gresearch.co.uk%252Frole%252FR336-Machine-Learning-Researcher%252F&signature=c2843e9283be47ae4d08b101d1e1b7d1fabc8a6bb3574354de30a6e2cd62c8f7,London,0
41,machine-learning-researcher, ,graduate-job,g-research,Competitive + benefits,all grades,Ongoing, , , , , ,TBC,no,https://www.gradcracker.com/out/347?jobID=46819&u=https%253A%252F%252Fwww.gresearch.co.uk%252Frole%252FR336-Machine-Learning-Researcher%252F&signature=c2843e9283be47ae4d08b101d1e1b7d1fabc8a6bb3574354de30a6e2cd62c8f7,London,0
42,data-consultant-graduate, ,graduate-job,bae-systems,"£34,000 + benefits",2:2,4-6-2023, , , , , ,TBC,no,https://www.gradcracker.com/out/141?jobID=46428&u=https%253A%252F%252Fwww.baesystems.com%252Fen%252Fcareers%252Fcareers-in-the-uk%252Fgraduates%252Faccelerate%253Futm_source%253Dgradcracker%2526utm_medium%253Dcpc%2526utm_campaign%253Dclass-of-2023-grad-ugrad%2526utm_content%253Djob-listing&signature=a4f0cbff5846da9f08977890b97e4eb133001d56f81d3f4656ff1b8a66f00180,"London, Guildford and Gloucester",0
43,it-project-management-professional-programme, ,graduate-job,cadent,"£29,000 + benefits",all grades,4-6-2023, , , , , ,TBC,no,https://www.gradcracker.com/hub/843/cadent/graduate-job/52597/it-project-management-professional-programme,Coventry (Hybrid),0
44,graduate-assistant-information-controller, ,graduate-job,martin-baker,Competitive + benefits,2:1,30-5-2023, , , , , ,TBC,no,https://www.gradcracker.com/out/646?jobID=52793&u=https%253A%252F%252Fmbapeople.ciphr-irecruit.com%252FApplicants%252Fvacancy%252F366%252FGraduate--Assistant-Information-Controller&signature=45139eed29eceb25af9b6edc8f90ced7c7dd5183502943fcdd6aba8352134688,Denham (Middlesex),0
45,graduate-technical-engineer-flexible-start-dates, ,graduate-job,tpp,"£50,000 + benefits",2:1,Ongoing, , , , , ,TBC,no,https://www.gradcracker.com/out/578?jobID=34542&u=https%253A%252F%252Ftpp-careers.com%252Froles%252Ftechnical-operations%252F&signature=a72ddea672e2f20e67550b07eac4cb825b3da0e04dba6b7ccae93d5ac168ed5d,Leeds,0
46,technology-graduate-programme, ,graduate-job,deloitte,Competitive + benefits,all grades,Ongoing, , , , , ,TBC,no,https://www.gradcracker.com/out/301?jobID=47036&u=https%253A%252F%252Fad.doubleclick.net%252Fddm%252Fclk%252F538019952%253B346300373%253Bg&signature=16c155331b3c2f3bccdebd3db5e1a095c77572cd6c03b799073c46c54250194e,"Aberdeen, Belfast, Gatwick, Glasgow, Guernsey, Isle of Man, Jersey, Liverpool, Newcastle, Nottingham and Southampton",0
47,graduate-business-analysts-mandarin-speakers-flexible-start-dates, ,graduate-job,tpp,"£50,000 + benefits",2:1,Ongoing, , , , , ,TBC,no,https://www.gradcracker.com/out/578?jobID=18467&u=https%253A%252F%252Ftpp-careers.com%252Froles%252Fbusiness-analysts-mandarin-speaking%252F&signature=56f054d29284aafda8ab37d80a7d2382b0b793c1c17a63e49328f9c3e42c2197,Leeds,0
48,graduate-modellers-oxford, ,graduate-job,aurora-energy-research,Competitive + benefits,2:2,31-5-2023, , , , , ,TBC,no,https://www.gradcracker.com/out/1119?jobID=51925&u=https%253A%252F%252Fauroraer.com%252Fcareers%252Fgraduate-programmes%252Foxford-modelling-2023%252F&signature=9627070413b22de574fab54944814a49efc6e6cb00c467496b488af1984f6faf,Oxford,0
49,senior-energy-modeller-oxford, ,graduate-job,aurora-energy-research,Competitive + benefits, ,31-5-2023, , , , , ,TBC,no,https://www.gradcracker.com/out/1119?jobID=52013&u=https%253A%252F%252Fwww.irishrcloud.co.uk%252Frecruit%252Fapplication%252Fapply.aspx%253Fcid%253D2632-393F3F89-B63D-4892-A93B-00402FCF3A88%2526VacancyID%253D23378-A6B61F29-4F31-449E-B511-B877A42771A3&signature=f1d473dc63748752146849812649930f52250b9901b5711e8870163ea70ac07f,Oxford,0
50,junior-data-analyst-typhoon-analysis-software-support, ,graduate-job,qinetiq,Competitive + benefits,all grades,31-5-2023, , , , , ,TBC,no,https://www.gradcracker.com/out/137?jobID=52429&u=https%253A%252F%252Fcareers.qinetiq.com%252Fjob%252FConingsby-Junior-Data-Analyst-Typhoon-Analysis-Software-Support-Engl%252F904027901%252F&signature=36fc6dbaf8e999192e46dd6a727ee1362619070a21ce2a4b56b38dcc3c0c81aa,RAF Coningsby (Lincolnshire),0
51,software-developer, ,graduate-job,graduates-into-health,"£33,706 - £40,588",all grades,18-6-2023, , , , , ,TBC,no,https://www.gradcracker.com/out/748?jobID=52081&u=https%253A%252F%252Fwww.graduatesintohealth.co.uk%252Fsoutheastsouthwest%252F2023%252F2%252F10%252Fsoftware-developer-sittingbourne-kent&signature=a9c3b35dd8040653e068c2276df0ed70b1a7fc74c4daeb6bd33c6ef4ab50e764,Sittingbourne (Kent),0
52,graduate-automation-software-engineer, ,graduate-job,briggs-of-burton,Competitive + benefits,all grades,Ongoing, , , , , ,TBC,no,https://www.gradcracker.com/hub/1072/briggs-of-burton/graduate-job/52605/graduate-automation-software-engineer,Burton-on-Trent,0
53,research-advisory-graduate-analyst, ,graduate-job,aurora-energy-research,Competitive + benefits,2:1,Ongoing, , , , , ,TBC,no,https://www.gradcracker.com/out/1119?jobID=52513&u=https%253A%252F%252Fwww.irishrcloud.co.uk%252Frecruit%252Fapplication%252Fapply.aspx%253Fcid%253D2632-393F3F89-B63D-4892-A93B-00402FCF3A88%2526VacancyID%253D23384-072083BE-EE77-4007-8711-FEE9B26E63AF&signature=aa1afe8a344f93ae129058831ab065fd53e0248b3b5e162974ec7a334e6c68cd,"Austin, Texas (USA)",0
54,graduate-trainee-engineer-smart-connected-and-autonomous-vehicles, ,graduate-job,wmg-university-of-warwick,"£28,929 + benefits",2:1,31-5-2023, , , , , ,TBC,no,https://www.gradcracker.com/out/861?jobID=50584&u=https%253A%252F%252Fwarwick.ac.uk%252Ffac%252Fsci%252Fwmg%252Fcareers%252Fgs%252Fregister%252F&signature=8c7088d2ed1e1ba027cb19bc4b6292c021e93822780061c11eb985687c30ca02,West Midlands,0
55,software-engineer, ,graduate-job,g-research,Competitive + benefits,all grades,Ongoing, , , , , ,TBC,no,https://www.gradcracker.com/out/347?jobID=46799&u=https%253A%252F%252Fwww.gresearch.co.uk%252Frole%252FR1424-Software-Engineer%252F&signature=06c5e51196a940038b29303e12ca8266901a30c5daf14154d051eb7dd87be53a,London,0
56,research-project-new-processes-to-enable-x-in-the-loop-simulations-for-the-reduction-of-vehicle-prototypes, ,graduate-job,aaps-centre-for-doctoral-training,"Payment of a tax-free maintenance stipend - £18,622 pa + training support fund (£1,000/year) + benefits",2:1,5-6-2023, , , , , ,TBC,no,https://www.gradcracker.com/hub/1172/aaps-centre-for-doctoral-training/graduate-job/52098/research-project-new-processes-to-enable-x-in-the-loop-simulations-for-the-reduction-of-vehicle-prototypes,Bath,0
57,graduate-machine-learning-data-scientist, ,graduate-job,cambridge-consultants,Competitive + benefits,2:1,30-6-2023, , , , , ,TBC,no,https://www.gradcracker.com/out/1088?jobID=47789&u=https%253A%252F%252Fcareers.cambridgeconsultants.com%252Ffind-a-job%252F1655%252Fgraduate-machine-learning-data-scientist%253Fsearch%253Dhttps%25253A%25252F%25252Fwww.cambridgeconsultants.com%25252Fcareers%25252Fsearch%25253Fq%25253DGraduate%252526idx%25253Dprod_CCL_careers%252526p%25253D0%252526dFR%2525255Bfield_location%2525255D%2525255B0%2525255D%25253DCambridge%2525252C%25252520UK%252526button%25253D&signature=9cd900ad90e051583395536fd275ec47a49267d1d5121dc446714fe2abdeae05,Cambridge,0
58,graduate-software-developer, ,graduate-job,reply,Competitive + benefits,2:1,Ongoing, , , , , ,TBC,no,https://www.gradcracker.com/out/691?jobID=52499&u=https%253A%252F%252Fcareer012.successfactors.eu%252Fcareer%253Fcareer%25255fns%253Djob%25255flisting%2526company%253DC0004534147P%2526navBarLevel%253DJOB%25255fSEARCH%2526rcm%25255fsite%25255flocale%253Den%25255fGB%2526career_job_req_id%253D9683%2526selected_lang%253Den_GB%2526jobAlertController_jobAlertId%253D%2526jobAlertController_jobAlertName%253D%2526browserTimeZone%253DEurope%252FLondon%2526_s.crb%253DygpNgIb2KbqmP3bgqeuuk31uA9cMr3qSF%25252fwcXq6NO0M%25253d&signature=4cdd6261b5edd8ccd3b6ca39c2cf19561ca1f83825ff4402360b5740f406051d,Manchester (Hybrid),0
59,bi-developer, ,graduate-job,graduates-into-health,"£25,655 - £31,534 (dependent on experience) + benefits",all grades,Ongoing, , , , , ,TBC,no,https://www.gradcracker.com/out/748?jobID=49907&u=https%253A%252F%252Fwww.graduatesintohealth.co.uk%252Fplymouth-recruitment-campaign%252F2022%252F6%252F21%252Fdata-warehouse-developer&signature=6ee0809dd1202849a7c115ed6de3510375b4c21d6d2dc8b9d5402a80a3dcf898,Plymouth (Hybrid),0
60,graduate-software-developers-flexible-start-dates, ,graduate-job,tpp,"£50,000 + benefits",2:1,Ongoing, , , , , ,TBC,no,https://www.gradcracker.com/out/578?jobID=32514&u=https%253A%252F%252Ftpp-careers.com%252Froles%252Fsoftware-developer%252F&signature=e7f0b7e2fa83d7a863269bcc1043b3baa06d982b9beadfb1896a3207f8bb07a3,Leeds,0
61,weapon-engineer-officers, ,graduate-job,royal-navy,"£27,000, rising to around £33,000 after two years + £27,000 joining bonus for qualified graduates + benefits",all grades,Ongoing, , , , , ,TBC,no,https://www.gradcracker.com/out/138?jobID=6628&u=https%253A%252F%252Fwww.royalnavy.mod.uk%252Fcareers%252Froles-and-specialisations%252Fservices%252Fsurface-fleet%252Fweapon-engineer-officer&signature=df60f5745b7d48082089968ea8e2d1e51d153e9f364f3853c15380d2083aadd1,Dartmouth then UK & International Travel,0
62,tech-training-academy, ,graduate-job,la-fosse-academy,"£30,000 (opportunity to increase to £35,000 in the second year based on performance) + £5,000 bonus for associates completing their two-year placement + benefits",all grades,Ongoing, , , , , ,TBC,no,https://www.gradcracker.com/out/1035?jobID=44023&u=https%253A%252F%252Flink.sanctuarygraduates.co.uk%252FGradcracker1&signature=1ea1bafcb61615edac505389584e358fa71276281e6490149283a15f7c0a0b82,London (Hybrid),0
63,training-programme, ,graduate-job,teach-first,Competitive + benefits,all grades,8-6-2023, , , , , ,TBC,no,https://www.gradcracker.com/out/232?jobID=38337&u=https%253A%252F%252Fwww.teachfirst.org.uk%252Ftraining-programme&signature=8a21a4e2301fded6d9a50b28cb7abe1ff103013c0e79581bd721b90294110ebf,,0
64,graduate-technical-operations-consultant-leeds, ,graduate-job,fdm-group,Competitive + benefits,2:2,Ongoing, , , , , ,TBC,no,https://www.gradcracker.com/out/308?jobID=36919&u=https%253A%252F%252Fcareers.fdmgroup.com%252Fvacancies%252F131%252Fjunior-technical-operations-consultant--leeds.html%253Futm_source%253Dgradcracker%2526utm_medium%253Djobad%2526utm_campaign%253Dgrad_techops_%2526utm_content%253Dleeds_&signature=52c7d647ca1e969d8fa8d98acc56d605f56a72e44e683ce957cd4ac9ef5f6286,Leeds,0
65,business-development-graduate-birmingham-summer-2023, ,graduate-job,keyence,"£33,000 per annum, plus area allowance and quarterly bonus + benefits",all grades,31-5-2023, , , , , ,TBC,no,https://www.gradcracker.com/out/923?jobID=52463&u=https%253A%252F%252Fjob.axol.jp%252Fvb%252Fc%252Fkeyence_global%252Fentry_5726160118%252Finput&signature=61644004170842140e4d15472b3f3b4426888d56a40c56e63780e52e0c378412,Birmingham,0
66,finance-graduate, ,graduate-job,newcleo,"£30,000 + benefits",2:1,31-5-2023, , , , , ,TBC,no,https://www.gradcracker.com/out/1182?jobID=52489&u=https%253A%252F%252Fcareers.newcleo.com%252Fjob%252FLondon-Finance-Graduate%252F939370655%252F&signature=23f3236f8a5d8d2b5091de455cf13e244fca92732ebff16f81b79b06f898cd99,London and Manchester,0
67,graduate-data-analyst-epr-project, ,graduate-job,graduates-into-health,"£33,706 - £40,588 + benefits",all grades,4-6-2023, , , , , ,TBC,no,https://www.gradcracker.com/out/748?jobID=51698&u=https%253A%252F%252Fwww.graduatesintohealth.co.uk%252Fplymouth-recruitment-campaign%252F2022%252F6%252F21%252Fcyber-security-analyst-wnbe3&signature=c7e2126ee2aa0985bb85673d0977b2e83eef44f9a56162772c7217ee3a5cca76,Plymouth (Hybrid),0
68,junior-software-developer, ,graduate-job,wiley-edge,Competitive + benefits,2:1,Ongoing, , , , , ,TBC,no,https://www.gradcracker.com/out/639?jobID=38269&u=https%253A%252F%252Fwww.wiley.com%252Fedge%252Fcareers%252Fjob%252F%253Fgh_jid%253D4232268006%2526gh_src%253D84ffd4096us&signature=94299350b3cf07b6e4dd1de44c4dadd392b3cd73f140fa3ba41b86014d70e284,Bournemouth,0
69,graduate-data-assistant, ,graduate-job,arup,Competitive + benefits,all grades,8-6-2023, , , , , ,TBC,no,https://www.gradcracker.com/hub/169/arup/graduate-job/52722/graduate-data-assistant,London,0
70,data-analyst-jan-2024, ,graduate-job,bae-systems,"£34,000 + £2,000 welcome bonus + benefits",all grades,31-7-2023, , , , , ,TBC,no,https://www.gradcracker.com/out/141?jobID=52518&u=https%253A%252F%252Fwww.baesystems.com%252Fen%252Fcareers%252Fcareers-in-the-uk%252Fgraduates%252Faccelerate%253Futm_source%253Dgradcracker%2526utm_medium%253Dcpc%2526utm_campaign%253Dclass-of-2024-jan-grads%2526utm_content%253Djob-listing&signature=2b7fde7b55fd9eb3314c38dcd190fcd6a940a7e571b63415683e80a863ea8713,Warton (Lancashire),0
71,training-programme, ,graduate-job,teach-first,Competitive + benefits,all grades,8-6-2023, , , , , ,TBC,no,https://www.gradcracker.com/out/232?jobID=38337&u=https%253A%252F%252Fwww.teachfirst.org.uk%252Ftraining-programme&signature=8a21a4e2301fded6d9a50b28cb7abe1ff103013c0e79581bd721b90294110ebf,,0
72,graduate-analyst-intake-2023-essex, ,graduate-job,quick-release-automotive,"£33,000 + benefits",2:1,Ongoing, , , , , ,TBC,no,https://www.gradcracker.com/out/1158?jobID=51510&u=https%253A%252F%252Fapply.workable.com%252Fquickrelease%252Fj%252FFFFA6364E2%252F&signature=0280ecdb51fcf82573641a78c424fade411cdce196cbaaa821777bec970c5c50,Essex,0
73,junior-financial-risk-management-consultant, ,graduate-job,reply,Competitive + benefits,2:1,Ongoing, , , , , ,TBC,no,https://www.gradcracker.com/hub/691/reply/graduate-job/49594/junior-financial-risk-management-consultant,London (Hybrid),0
74,finance-markets-analyst, ,graduate-job,intel,Competitive + benefits,2:2,Ongoing, , , , , ,TBC,no,https://www.gradcracker.com/hub/490/intel/graduate-job/52689/finance-markets-analyst,Swindon (Hybrid),0
75,finance-graduate-gdp, ,graduate-job,raytheon-systems-limited,"£29,500 + £3,000 joining bonus + twice yearly pay reviews in 1st 2 years while completing the Graduate Development Programme + benefits",2:2,Ongoing, , , , , ,TBC,no,https://www.gradcracker.com/hub/173/raytheon-systems-limited/graduate-job/52854/finance-graduate-gdp,Manchester,0
76,graduate-finance-development-programme-member, ,graduate-job,precision-castparts-corp,"£28,000 + benefits",2:1,30-6-2023, , , , , ,TBC,no,https://www.gradcracker.com/hub/183/precision-castparts-corp/graduate-job/49634/graduate-finance-development-programme-member,Leicester,0
77,finance-graduate, ,graduate-job,newcleo,"£30,000 + benefits",2:1,31-5-2023, , , , , ,TBC,no,https://www.gradcracker.com/out/1182?jobID=52489&u=https%253A%252F%252Fcareers.newcleo.com%252Fjob%252FLondon-Finance-Graduate%252F939370655%252F&signature=23f3236f8a5d8d2b5091de455cf13e244fca92732ebff16f81b79b06f898cd99,London and Manchester,0
78,junior-developer, ,graduate-job,reply,Competitive + benefits,2:1,Ongoing, , , , , ,TBC,no,https://www.gradcracker.com/out/691?jobID=52376&u=https%253A%252F%252Fcareer5.successfactors.eu%252Fsfcareer%252Fjobreqcareer%253FjobId%253D9655%2526company%253DC0004534147P&signature=bb3c92a11a231520d2307a10714036d1faf639592c752f782e343f7e27779d6e,Manchester (Hybrid),0
79,it-support, ,graduate-job,keyence,"£28,000 plus quarterly bonus + benefits",all grades,31-5-2023, , , , , ,TBC,no,https://www.gradcracker.com/out/923?jobID=52569&u=https%253A%252F%252Fjob.axol.jp%252Fvb%252Fc%252Fkeyence_global%252Fentry_5726160118%252F&signature=54643098801c40dacbe3842b0cccd66ae4eece06f15003905292445a6fe9aa7a,Heathrow (London),0
80,junior-devops-engineer, ,graduate-job,reply,Competitive + benefits,2:1,Ongoing, , , , , ,TBC,no,https://www.gradcracker.com/hub/691/reply/graduate-job/52425/junior-devops-engineer,Manchester (Hybrid),0
81,communication-and-marketing-coordinator, ,graduate-job,slipstream-design,"£26,000 - £30,000 + benefits",2:1,19-6-2023, , , , , ,TBC,no,https://www.gradcracker.com/hub/1041/slipstream-design/graduate-job/52415/communication-and-marketing-coordinator,Shipley (West Yorkshire),0
82,metadata-analyst-professional-programme, ,graduate-job,cadent,"£29,000 + benefits",all grades,4-6-2023, , , , , ,TBC,no,https://www.gradcracker.com/hub/843/cadent/graduate-job/52598/metadata-analyst-professional-programme,Coventry (Hybrid),0
83,graduate-data-engineering-consultant-leeds-glasgow, ,graduate-job,fdm-group,Competitive + benefits,2:2,Ongoing, , , , , ,TBC,no,https://www.gradcracker.com/out/308?jobID=41622&u=https%253A%252F%252Fcareers.fdmgroup.com%252Fvacancies%252F105%252Fgraduate-data-engineering-consultant.html&signature=e66ee07b6ddd9aafcc7c4deee21cc1c47a402d658000ce8f64efa52f711c49b5,Leeds and Glasgow,0
84,graduate-data-analyst-epr-project, ,graduate-job,graduates-into-health,"£33,706 - £40,588 + benefits",all grades,4-6-2023, , , , , ,TBC,no,https://www.gradcracker.com/out/748?jobID=51698&u=https%253A%252F%252Fwww.graduatesintohealth.co.uk%252Fplymouth-recruitment-campaign%252F2022%252F6%252F21%252Fcyber-security-analyst-wnbe3&signature=c7e2126ee2aa0985bb85673d0977b2e83eef44f9a56162772c7217ee3a5cca76,Plymouth (Hybrid),0
85,machine-learning-researcher, ,graduate-job,g-research,Competitive + benefits,all grades,Ongoing, , , , , ,TBC,no,https://www.gradcracker.com/out/347?jobID=46819&u=https%253A%252F%252Fwww.gresearch.co.uk%252Frole%252FR336-Machine-Learning-Researcher%252F&signature=c2843e9283be47ae4d08b101d1e1b7d1fabc8a6bb3574354de30a6e2cd62c8f7,London,0
86,junior-data-processing-analyst, ,graduate-job,adelphi,Competitive + benefits,all grades,Ongoing, , , , , ,TBC,no,https://www.gradcracker.com/out/1061?jobID=51696&u=https%253A%252F%252Feucareers-omnicomhealthgroup.icims.com%252Fjobs%252F37347%252Fjunior-data-processing-analyst%252Fjob%253Fmode%253Dview&signature=b16b8d9c7711919a0bde04e97df0e21ade36809cde77abb2efca718173b15fc2,Bollington (Cheshire),0
87,programmer, ,graduate-job,adelphi,Competitive + benefits,all grades,Ongoing, , , , , ,TBC,no,https://www.gradcracker.com/out/1061?jobID=51695&u=https%253A%252F%252Feucareers-omnicomhealthgroup.icims.com%252Fjobs%252F37364%252Fprogrammer%252Fjob%253Fmode%253Dview&signature=5e95a9e8994419dd3b8b940a3f12285e7ba25dd3947872bdb33c708f844a9fbc,Bollington (Cheshire),0
88,future-loading-the-leonardo-international-talent-programme, ,graduate-job,leonardo,Competitive + benefits,2:1,9-6-2023, , , , , ,TBC,no,https://www.gradcracker.com/out/679?jobID=52714&u=https%253A%252F%252Fbusinessschool.luiss.it%252Fen%252Fmaster-leonardo%252F&signature=dfab571ab15bc09c47799f131aeb30db39c9fbc96d131cb8953554bc70daf6b6,,0
89,graduate-developers-autumn-2023-start, ,graduate-job,dorset-software-services,"£27,000 during initial 5-month training period, rising to £30,240 on completion + benefits",2:1,Ongoing, , , , , ,TBC,no,https://www.gradcracker.com/out/514?jobID=38243&u=https%253A%252F%252Fwww.dorsetsoftware.com%252FCareers%252FVacancies%253Futm_source%253Dgradcracker%2526utm_medium%253Ddisplay%2526utm_campaign%253Drecruitment%252B2021%2526utm_content%253DGD&signature=edc41404b719a2bbdf49da6afdbbc44acfe9a95b91884721bd1d70d7c73a7554,Poole,0
90,graduate-developers-summer-2023-start, ,graduate-job,dorset-software-services,"£27,000 during initial 5-month training period, rising to £30,240 on completion + benefits",2:1,Ongoing, , , , , ,TBC,no,https://www.gradcracker.com/out/514?jobID=38244&u=https%253A%252F%252Fwww.dorsetsoftware.com%252FCareers%252FVacancies%253Futm_source%253Dgradcracker%2526utm_medium%253Ddisplay%2526utm_campaign%253Drecruitment%252B2021%2526utm_content%253DGD&signature=e051aee396a1264614f06bfd9db7c574ff0d67a9e8460554c559288f559b9d92,Oxford,0
91,graduate-developers-autumn-2023-start, ,graduate-job,dorset-software-services,"£27,000 during initial 5-month training period, rising to £30,240 on completion + benefits",2:1,Ongoing, , , , , ,TBC,no,https://www.gradcracker.com/out/514?jobID=38245&u=https%253A%252F%252Fwww.dorsetsoftware.com%252FCareers%252FVacancies%253Futm_source%253Dgradcracker%2526utm_medium%253Ddisplay%2526utm_campaign%253Drecruitment%252B2021%2526utm_content%253DGD&signature=d3d37a165302cbbd547a571a67de226937074d709e4df0510931ecf0aef9a175,Oxford,0
92,technology-graduate-programme, ,graduate-job,deloitte,Competitive + benefits,all grades,Ongoing, , , , , ,TBC,no,https://www.gradcracker.com/out/301?jobID=47036&u=https%253A%252F%252Fad.doubleclick.net%252Fddm%252Fclk%252F538019952%253B346300373%253Bg&signature=16c155331b3c2f3bccdebd3db5e1a095c77572cd6c03b799073c46c54250194e,"Aberdeen, Belfast, Gatwick, Glasgow, Guernsey, Isle of Man, Jersey, Liverpool, Newcastle, Nottingham and Southampton",0
93,uk-technology-graduate-programme, ,graduate-job,hsbc,Competitive + benefits,2:2,31-5-2023, , , , , ,TBC,no,https://www.gradcracker.com/out/354?jobID=52430&u=https%253A%252F%252Fwww.hsbc.com%252Fcareers%252Fstudents-and-graduates%252Fgraduate-opportunities%252Fuk-technology-graduate-programme&signature=67d27cde3382b93f70116e50ef61059bdc49ac25358362ed5f856aa20579421b,Sheffield,0
94,software-support-and-customer-success-executive, ,graduate-job,midsummer-energy-ltd,"£24,000 - £28,000 + benefits",2:2,Ongoing, , , , , ,TBC,no,https://www.gradcracker.com/out/1012?jobID=52799&u=https%253A%252F%252Fmidsummerwholesale.co.uk%252Fsoftware-support-customer-success-executive&signature=f493e82414a5a6dbe41dac067b5f08237cdda70d443351bcab435d7f8c9a97d2,Cambridge,0
95,graduate-machine-learning-data-scientist, ,graduate-job,cambridge-consultants,Competitive + benefits,2:1,30-6-2023, , , , , ,TBC,no,https://www.gradcracker.com/out/1088?jobID=47789&u=https%253A%252F%252Fcareers.cambridgeconsultants.com%252Ffind-a-job%252F1655%252Fgraduate-machine-learning-data-scientist%253Fsearch%253Dhttps%25253A%25252F%25252Fwww.cambridgeconsultants.com%25252Fcareers%25252Fsearch%25253Fq%25253DGraduate%252526idx%25253Dprod_CCL_careers%252526p%25253D0%252526dFR%2525255Bfield_location%2525255D%2525255B0%2525255D%25253DCambridge%2525252C%25252520UK%252526button%25253D&signature=9cd900ad90e051583395536fd275ec47a49267d1d5121dc446714fe2abdeae05,Cambridge,0
96,part-2-architectural-assistant-property-science-industry-technology-and-social-infrastructure, ,graduate-job,arup,Competitive + benefits,all grades,23-6-2023, , , , , ,TBC,no,https://www.gradcracker.com/hub/169/arup/graduate-job/52812/part-2-architectural-assistant-property-science-industry-technology-and-social-infrastructure,London,0
97,graduate-audit-technology-audit-autumn-2023, ,graduate-job,kpmg,Competitive + benefits,2:1,Ongoing, , , , , ,TBC,no,https://www.gradcracker.com/out/268?jobID=50973&u=https%253A%252F%252Fwww.kpmgcareers.co.uk%252Fvacancies%252Fgraduate-audit-technology-audit-edinburgh-autumn-2023%252F36ad0087-1694-42b5-bfd9-fe26509c8bf8&signature=e173f880118a6668c4ba937f0aa7e3322e8c31b35ac15022e482e16ef4a9507a,Edinburgh,0
98,network-engineer-jan-2024, ,graduate-job,bae-systems,"£34,000 + £2,000 welcome bonus + benefits",all grades,31-7-2023, , , , , ,TBC,no,https://www.gradcracker.com/out/141?jobID=52528&u=https%253A%252F%252Fwww.baesystems.com%252Fen%252Fcareers%252Fcareers-in-the-uk%252Fgraduates%252Faccelerate%253Futm_source%253Dgradcracker%2526utm_medium%253Dcpc%2526utm_campaign%253Dclass-of-2024-jan-grads%2526utm_content%253Djob-listing&signature=eeb14afa5327c3cefb794be9a1f4e57dd981dc4eab44a38f608b8f49549ed13a,Broad Oak (Hampshire) and New Malden (South London),0
99,nuclear-engineer-jan-2024, ,graduate-job,bae-systems,"£34,000 + £2,000 welcome bonus + benefits",all grades,31-7-2023, , , , , ,TBC,no,https://www.gradcracker.com/out/141?jobID=52530&u=https%253A%252F%252Fwww.baesystems.com%252Fen%252Fcareers%252Fcareers-in-the-uk%252Fgraduates%252Faccelerate%253Futm_source%253Dgradcracker%2526utm_medium%253Dcpc%2526utm_campaign%253Dclass-of-2024-jan-grads%2526utm_content%253Djob-listing&signature=a144b2fd48bf7f45ab152c04b948408bd3fa53d91cd3fc83ce269904460d3bb4,Barrow-in-Furness (Cumbria),0
100,mechanical-engineer-jan-2024, ,graduate-job,bae-systems,"£34,000 + £2,000 welcome bonus + benefits",all grades,31-7-2023, , , , , ,TBC,no,https://www.gradcracker.com/out/141?jobID=52525&u=https%253A%252F%252Fwww.baesystems.com%252Fen%252Fcareers%252Fcareers-in-the-uk%252Fgraduates%252Faccelerate%253Futm_source%253Dgradcracker%2526utm_medium%253Dcpc%2526utm_campaign%253Dclass-of-2024-jan-grads%2526utm_content%253Djob-listing&signature=30590663a664404850d183e31600524dd8ec8b5595c2b00d6e249d275629b5bb,"Glascoed (South East Wales), Scotstoun (Glasgow) and Barrow-in-Furness (Cumbria)",0
101,data-consultant-graduate, ,graduate-job,bae-systems,"£34,000 + benefits",2:2,4-6-2023, , , , , ,TBC,no,https://www.gradcracker.com/out/141?jobID=46428&u=https%253A%252F%252Fwww.baesystems.com%252Fen%252Fcareers%252Fcareers-in-the-uk%252Fgraduates%252Faccelerate%253Futm_source%253Dgradcracker%2526utm_medium%253Dcpc%2526utm_campaign%253Dclass-of-2023-grad-ugrad%2526utm_content%253Djob-listing&signature=a4f0cbff5846da9f08977890b97e4eb133001d56f81d3f4656ff1b8a66f00180,"London, Guildford and Gloucester",0
102,quality-graduate, ,graduate-job,bae-systems,"£34,000 + benefits",2:2,4-6-2023, , , , , ,TBC,no,https://www.gradcracker.com/out/141?jobID=46427&u=https%253A%252F%252Fwww.baesystems.com%252Fen%252Fcareers%252Fcareers-in-the-uk%252Fgraduates%252Faccelerate%253Futm_source%253Dgradcracker%2526utm_medium%253Dcpc%2526utm_campaign%253Dclass-of-2023-grad-ugrad%2526utm_content%253Djob-listing&signature=19ffea7ac87f8c3037d33fb2acaed1f33d357492a9d2f38c46caf0ac651a6dff,,0
103,operational-cyber-engineer-graduate, ,graduate-job,bae-systems,"£34,000 + benefits",2:2,4-6-2023, , , , , ,TBC,no,https://www.gradcracker.com/out/141?jobID=46447&u=https%253A%252F%252Fwww.baesystems.com%252Fen%252Fcareers%252Fcareers-in-the-uk%252Fgraduates%252Faccelerate%253Futm_source%253Dgradcracker%2526utm_medium%253Dcpc%2526utm_campaign%253Dclass-of-2023-grad-ugrad%2526utm_content%253Djob-listing&signature=bf65f69e8b4e2b69c721dd13791039ee282672daad79ced15769400a8a89738e,London and Gloucester,0
104,junior-data-analyst-typhoon-analysis-software-support, ,graduate-job,qinetiq,Competitive + benefits,all grades,31-5-2023, , , , , ,TBC,no,https://www.gradcracker.com/out/137?jobID=52429&u=https%253A%252F%252Fcareers.qinetiq.com%252Fjob%252FConingsby-Junior-Data-Analyst-Typhoon-Analysis-Software-Support-Engl%252F904027901%252F&signature=36fc6dbaf8e999192e46dd6a727ee1362619070a21ce2a4b56b38dcc3c0c81aa,RAF Coningsby (Lincolnshire),0
105,asset-management-graduate-scheme-2023, ,graduate-job,atkins,"£28,000 - £32,000 + £2,500 joining bonus + benefits",all grades,31-5-2023, , , , , ,TBC,no,https://www.gradcracker.com/hub/106/atkins/graduate-job/47571/asset-management-graduate-scheme-2023,,0
106,china-software-development-consultant-graduate-programme, ,graduate-job,fdm-group,Competitive + benefits,2:2,Ongoing, , , , , ,TBC,no,https://www.gradcracker.com/out/308?jobID=52818&u=https%253A%252F%252Fcareers.fdmgroup.com%252Fvacancies%252F444%252Fchina--software-development-consultant-graduate-programme-%2525E8%2525BD%2525AF%2525E4%2525BB%2525B6%2525E5%2525BC%252580%2525E5%25258F%252591%2525E7%2525AE%2525A1%2525E5%25259F%2525B9%2525E7%252594%25259F.html%253Futm_source%253Dgradcracker%2526utm_medium%253Dprofile%2526utm_campaign%253Droles_%2526utm_content%253Dchina&signature=76f04e63ea207d94c099de97dd11eb2185c42539e5e9362a97e50c98f93fe28d,China,0
107,graduate-software-engineer, ,graduate-job,cambridge-consultants,Competitive + Profit Share + Generous pension + benefits,2:1,30-6-2023, , , , , ,TBC,no,https://www.gradcracker.com/hub/1088/cambridge-consultants/graduate-job/45350/graduate-software-engineer,Cambridge,0
108,kpmg-2023-tax-graduate-programme-autumn-2023, ,graduate-job,kpmg,Competitive + benefits,all grades,Ongoing, , , , , ,TBC,no,https://www.gradcracker.com/out/268?jobID=51016&u=https%253A%252F%252Fwww.kpmgcareers.co.uk%252Fvacancies%252Fgraduate-tax-milton-keynes-autumn-2023%252F9f64161a-2859-103a-3da0-5d2a9b6bab9c&signature=9fcf4a620d52a7e67db912ce82b7ce0a203080cd667facb215cdf526eb0c7df0,Milton Keynes,0
109,kpmg-2023-audit-graduate-programme-autumn-start, ,graduate-job,kpmg,Competitive + benefits,all grades,Ongoing, , , , , ,TBC,no,https://www.gradcracker.com/out/268?jobID=50928&u=https%253A%252F%252Fwww.kpmgcareers.co.uk%252Fgraduate%252Faudit%252Faudit%252F%253Futm_source%253Dgradcracker%2526utm_medium%253Dmedia-listing%2526utm_content%253Daudit-grad_all%2526utm_campaign%253D2216-kpmg-sr23-grad-core_gradcracker_media-listing_audit-grad_all_na_na_sep22&signature=bb0bac11ae73205bf77f4a07bf99417e21dfcfba67b0af6295f640310618bea7,Gatwick,0
110,kpmg-2023-audit-graduate-programme-autumn-start, ,graduate-job,kpmg,Competitive + benefits,all grades,Ongoing, , , , , ,TBC,no,https://www.gradcracker.com/out/268?jobID=50945&u=https%253A%252F%252Fwww.kpmgcareers.co.uk%252Fgraduate%252Faudit%252Faudit%252F%253Futm_source%253Dgradcracker%2526utm_medium%253Dmedia-listing%2526utm_content%253Daudit-grad_all%2526utm_campaign%253D2216-kpmg-sr23-grad-core_gradcracker_media-listing_audit-grad_all_na_na_sep22&signature=70cbe9fbf3ed1a01a0d593e65f85155a4459a980261d288cca6fe0f287ee961e,Reading,0
111,kpmg-2023-tax-graduate-programme-autumn-2023, ,graduate-job,kpmg,Competitive + benefits,all grades,Ongoing, , , , , ,TBC,no,https://www.gradcracker.com/out/268?jobID=48064&u=https%253A%252F%252Fwww.kpmgcareers.co.uk%252Fvacancies%252Fgraduate-tax-london-autumn-2023%252F08821a77-bc38-bdea-de5c-e5b9a822ce10&signature=8df140edfcb2088b3e30744f8820bef8c943bb25c068708035ab1881c8614bbc,London,0
112,kpmg-2023-tax-graduate-programme-autumn-2023, ,graduate-job,kpmg,Competitive + benefits,all grades,Ongoing, , , , , ,TBC,no,https://www.gradcracker.com/out/268?jobID=50984&u=https%253A%252F%252Fwww.kpmgcareers.co.uk%252Fvacancies%252Fgraduate-tax-edinburgh-autumn-2023%252F1d1e8206-840f-1424-db88-24a0d2d0c001&signature=61399d91eb1e169138c121f6f70200fb1285012541a98b5ec00ef770197c2aa3,Edinburgh,0
113,kpmg-2023-audit-graduate-programme-autumn-start, ,graduate-job,kpmg,Competitive + benefits,all grades,Ongoing, , , , , ,TBC,no,https://www.gradcracker.com/out/268?jobID=50923&u=https%253A%252F%252Fwww.kpmgcareers.co.uk%252Fgraduate%252Faudit%252Faudit%252F%253Futm_source%253Dgradcracker%2526utm_medium%253Dmedia-listing%2526utm_content%253Daudit-grad_all%2526utm_campaign%253D2216-kpmg-sr23-grad-core_gradcracker_media-listing_audit-grad_all_na_na_sep22&signature=a513f4d85b0de45a78aff9a523812bdb26b681622ff1d256e411a3dfbdc5a5cc,Cambridge,0
114,graduate-audit-accounting-advisory-and-assurance-aca, ,graduate-job,kpmg,Competitive + benefits,all grades,Ongoing, , , , , ,TBC,no,https://www.gradcracker.com/out/268?jobID=51106&u=https%253A%252F%252Fwww.kpmgcareers.co.uk%252Fvacancies%252Fgraduate-audit-aca-gibraltar-autumn-2023%252F7d07426c-babe-cba6-b12e-10c02730b7df&signature=38419211451b283d52cb4fc17004afb0ab30a2bee82663b33d40d6164da26311,Gibraltar,0
115,junior-software-developer, ,graduate-job,wiley-edge,Competitive + benefits,2:1,Ongoing, , , , , ,TBC,no,https://www.gradcracker.com/out/639?jobID=38267&u=https%253A%252F%252Fwww.wiley.com%252Fedge%252Fcareers%252Fjob%252F%253Fgh_jid%253D4232271006%2526gh_src%253D8fe725ac6us&signature=b4e6bc5edc76e6d11b09df89479e397f235b550f618522e377a89eb76c785b1a,Heathrow,0
116,junior-software-developers, ,graduate-job,wiley-edge,Competitive + benefits,2:1,Ongoing, , , , , ,TBC,no,https://www.gradcracker.com/out/639?jobID=41779&u=https%253A%252F%252Fwww.wiley.com%252Fedge%252Fcareers%252Fjob%252F%253Fgh_jid%253D4232274006%2526gh_src%253D59dc54ee6us&signature=6b62edbabe8f2cabbdec7dda1faf68558731729a4f2356f60517b7782267dabc,,0
117,mechanical-engineering-graduate-scheme-2023, ,graduate-job,atkins,"£28,000 - £32,000 + £2,500 joining bonus + benefits",all grades,31-5-2023, , , , , ,TBC,no,https://www.gradcracker.com/hub/106/atkins/graduate-job/47599/mechanical-engineering-graduate-scheme-2023,,0
118,graduate-data-analyst-2023, ,graduate-job,admiral,Competitive + benefits,2:1,Ongoing, , , , , ,TBC,no,https://www.gradcracker.com/out/747?jobID=50891&u=https%253A%252F%252Fwww.admiraljobs.co.uk%252Fjob%252Fgraduate-data-analyst-2023-in-cardiff-jid-1547&signature=dfd8f78cd8f5cb48d9dce726b50809718cb7553172ae96e106ced62f0527fea0,Cardiff (Hybrid),0
119,finance-modelling-graduate-programme, ,graduate-job,ey,Competitive + benefits,all grades,Ongoing, , , , , ,TBC,no,https://www.gradcracker.com/out/615?jobID=50444&u=https%253A%252F%252Fad.doubleclick.net%252Fddm%252Ftrackclk%252FN284201.276548GRADCRACKER%252FB28845910.354845403%253Bdc_trk_aid%253D545725863%253Bdc_trk_cid%253D182548305%253Bdc_lat%253D%253Bdc_rdid%253D%253Btag_for_child_directed_treatment%253D%253Btfua%253D%253Bltd%253D&signature=2cd42d7488b2c69644fc51e587fb64e708034070408d8a02c985163a2850f245,Edinburgh,0
120,it-graduate-programme, ,graduate-job,rwe-supply-and-trading,Competitive + benefits,2:2,29-5-2023, , , , , ,TBC,no,https://www.gradcracker.com/hub/1132/rwe-supply-and-trading/graduate-job/52477/it-graduate-programme,Swindon (Wiltshire) and Essen (Germany),0
121,finance-graduate, ,graduate-job,johnson-matthey,Competitive + benefits,all grades,Ongoing, , , , , ,TBC,no,https://www.gradcracker.com/out/147?jobID=52640&u=https%253A%252F%252Fmatthey.wd3.myworkdayjobs.com%252FExt_Career_Site%252Fjob%252FUK-Flexible%252FFinance-Graduate_R-004220&signature=7f447a2e3b42733178d6b52a5e86226bc050fe07f05f4b936e5a6489539eba60,,0
122,energy-market-analysts-consultants, ,graduate-job,afry,Competitive + benefits,all grades,31-5-2023, , , , , ,TBC,no,https://www.gradcracker.com/out/1105?jobID=46324&u=https%253A%252F%252Fjobs.smartrecruiters.com%252FAFRY%252F743999900636068-energy-market-analysts-consultants-oxford&signature=cf920afeafd8b2b0b13f0d2b30d9545f25687c4743107f46487b42d4ba6077b9,Oxford (Hybrid),0
123,account-manager-portuguese-speaker, ,graduate-job,tpp,"£50,000 + benefits",2:1,Ongoing, , , , , ,TBC,no,https://www.gradcracker.com/out/578?jobID=52763&u=https%253A%252F%252Ftpp-careers.com%252Froles%252Faccount-manager-portuguese-speaker%252F&signature=21c44053dbd08c132d543b9203a726a2df687850bb64ddb6d151cffb9eaf9999,Leeds,0
124,operational-performance-future-professional-programme, ,graduate-job,cadent,"£29,000 + benefits",all grades,4-6-2023, , , , , ,TBC,no,https://www.gradcracker.com/hub/843/cadent/graduate-job/52554/operational-performance-future-professional-programme,Coventry (Hybrid),0
125,trade-support, ,graduate-job,cargill,Competitive + benefits,all grades,Ongoing, , , , , ,TBC,no,https://www.gradcracker.com/hub/135/cargill/graduate-job/52740/trade-support,London,0
126,it-developer-graduate-programme, ,graduate-job,rwe-supply-and-trading,Competitive + benefits,2:2,29-5-2023, , , , , ,TBC,no,https://www.gradcracker.com/hub/1132/rwe-supply-and-trading/graduate-job/52474/it-developer-graduate-programme,Swindon (Wiltshire) and Essen (Germany),0
127,graduate-transport-planner-2023, ,graduate-job,stantec,Competitive + benefits,all grades,Ongoing, , , , , ,TBC,no,https://www.gradcracker.com/hub/44/stantec/graduate-job/45404/graduate-transport-planner-2023,Northampton,0
128,graduate-transport-planner-2023, ,graduate-job,stantec,Competitive + benefits,all grades,Ongoing, , , , , ,TBC,no,https://www.gradcracker.com/hub/44/stantec/graduate-job/45400/graduate-transport-planner-2023,Ashford (Kent),0
129,finance-graduate-programme, ,graduate-job,rwe-supply-and-trading,Competitive + benefits,2:1,19-6-2023, , , , , ,TBC,no,https://www.gradcracker.com/hub/1132/rwe-supply-and-trading/graduate-job/52475/finance-graduate-programme,Swindon (Wiltshire) and Essen (Germany),0
130,graduate-transport-planner-2023, ,graduate-job,stantec,Competitive + benefits,all grades,Ongoing, , , , , ,TBC,no,https://www.gradcracker.com/hub/44/stantec/graduate-job/49304/graduate-transport-planner-2023,Manchester,0
131,graduate-transport-planner-2023, ,graduate-job,stantec,Competitive + benefits,all grades,Ongoing, , , , , ,TBC,no,https://www.gradcracker.com/hub/44/stantec/graduate-job/52748/graduate-transport-planner-2023,Reading,0
132,graduate-commercial-data-analysts, ,graduate-job,jarmany,"£25,000 rising progressively to £30,000 + benefits",2:1,Ongoing, , , , , ,TBC,no,https://www.gradcracker.com/out/839?jobID=38295&u=https%253A%252F%252Fwww.jarmany.com%252Fapply-to-jarmany%252F&signature=b20d4b889879c678e46fb29ae4fb9408f5f5e7877e054b3528a9709071d3d6b6,London,0
133,graduate-data-analyst-french-speaker, ,graduate-job,jarmany,"£25,000 rising progressively to £30,000 + benefits",2:1,Ongoing, , , , , ,TBC,no,https://www.gradcracker.com/out/839?jobID=43979&u=https%253A%252F%252Fwww.jarmany.com%252Fapply-to-jarmany%252F&signature=95eb4ef14432480988b06d8269523975428014885390cfe842b3cbbdd8dd6aa3,London,0
134,graduate-data-analyst-spanish-speaker, ,graduate-job,jarmany,"£25,000 rising progressively to £30,000 + benefits",2:1,Ongoing, , , , , ,TBC,no,https://www.gradcracker.com/out/839?jobID=45093&u=https%253A%252F%252Fwww.jarmany.com%252Fapply-to-jarmany%252F&signature=7a69aa75e7ee61f068c64ab6ea35296483fa70b856388d5de19e1872ce394a16,Kingston-Upon-Thames,0
135,professional-engineer-programme, ,graduate-job,cadent,"£29,000 + benefits",all grades,4-6-2023, , , , , ,TBC,no,https://www.gradcracker.com/hub/843/cadent/graduate-job/52558/professional-engineer-programme,,0
136,graduate-trainee-engineer-smart-connected-and-autonomous-vehicles, ,graduate-job,wmg-university-of-warwick,"£28,929 + benefits",2:1,31-5-2023, , , , , ,TBC,no,https://www.gradcracker.com/out/861?jobID=50584&u=https%253A%252F%252Fwarwick.ac.uk%252Ffac%252Fsci%252Fwmg%252Fcareers%252Fgs%252Fregister%252F&signature=8c7088d2ed1e1ba027cb19bc4b6292c021e93822780061c11eb985687c30ca02,West Midlands,0
137,data-scientist, ,graduate-job,adelphi,Competitive + benefits,all grades,Ongoing, , , , , ,TBC,no,https://www.gradcracker.com/hub/1061/adelphi/graduate-job/52022/data-scientist,Bollington (Cheshire),0
138,quantitative-researcher-data-science-machine-learning-mathematical-modelling, ,graduate-job,g-research,Competitive + benefits, ,Ongoing, , , , , ,TBC,no,https://www.gradcracker.com/out/347?jobID=46836&u=https%253A%252F%252Fwww.gresearch.co.uk%252Frole%252FR335-Quantitative-Researcher%252F&signature=7defd3c514f82fd736c8ef1b23ccf7bd523d34aafb63a03b2ee4d1b10ce61a4e,London,0
139,graduate-information-technology-corporate-services, ,graduate-job,babcock-international-group,"£31,000 + benefits",all grades,31-5-2023, , , , , ,TBC,no,https://www.gradcracker.com/out/113?jobID=46188&u=https%253A%252F%252Fcareer5.successfactors.eu%252Fsfcareer%252Fjobreqcareerpvt%253FjobId%253D46618%2526company%253DC0020126214P%2526st%253D8C8614F4C162E7ED4EC47E29D545C165E05B1399&signature=dabdfac13a5d373d9350b9f23062a0087ff4d1083a98ddbff7a9844df57369cc,,0
140,business-graduate-programme, ,graduate-job,martin-baker,Competitive + benefits,2:1,15-6-2023, , , , , ,TBC,no,https://www.gradcracker.com/hub/646/martin-baker/graduate-job/52770/business-graduate-programme,Denham (Middlesex),0
141,business-graduate-project-management, ,graduate-job,cgi,Competitive + benefits,1st,Ongoing, , , , , ,TBC,no,https://www.gradcracker.com/hub/89/cgi/graduate-job/52637/business-graduate-project-management,Milton Keynes,0
142,business-development-graduate-birmingham-sept-2023, ,graduate-job,keyence,"£33,000 per annum, plus area allowance and quarterly bonus + benefits",all grades,31-5-2023, , , , , ,TBC,no,https://www.gradcracker.com/out/923?jobID=52465&u=https%253A%252F%252Fjob.axol.jp%252Fvb%252Fc%252Fkeyence_global%252Fentry_5726160118%252Finput&signature=2c178ca41c0f23884d179208bafb16d5750cd30653260f10025c81fc6bf93f84,Birmingham,0
143,business-development-graduate-birmingham-summer-2023, ,graduate-job,keyence,"£33,000 per annum, plus area allowance and quarterly bonus + benefits",all grades,31-5-2023, , , , , ,TBC,no,https://www.gradcracker.com/out/923?jobID=52464&u=https%253A%252F%252Fjob.axol.jp%252Fvb%252Fc%252Fkeyence_global%252Fentry_5726160118%252Finput&signature=6a1604cd704e1618d684b017a11916275c03906e3e6641337dd9930762b79f7d,Birmingham,0
144,business-development-graduate-birmingham-summer-2023, ,graduate-job,keyence,"£33,000 per annum, plus area allowance and quarterly bonus + benefits",all grades,31-5-2023, , , , , ,TBC,no,https://www.gradcracker.com/out/923?jobID=52463&u=https%253A%252F%252Fjob.axol.jp%252Fvb%252Fc%252Fkeyence_global%252Fentry_5726160118%252Finput&signature=61644004170842140e4d15472b3f3b4426888d56a40c56e63780e52e0c378412,Birmingham,0
145,graduate-business-accountant-group, ,graduate-job,babcock-international-group,"£31,000 + benefits",all grades,31-5-2023, , , , , ,TBC,no,https://www.gradcracker.com/out/113?jobID=46109&u=https%253A%252F%252Fcareer5.successfactors.eu%252Fsfcareer%252Fjobreqcareerpvt%253FjobId%253D46613%2526company%253DC0020126214P%2526st%253D1D43981A0A3E1372DBEA048D7B6E6A1C2734914B&signature=73455258b6a8e660633abb7dc7ea4c2eb49e51a32fa54c63d0b32cccbcff85b8,,0
146,technology-graduate-scheme-business-analyst, ,graduate-job,halo-service-solutions,"£30,000 + benefits",2:1,31-7-2023, , , , , ,TBC,no,https://www.gradcracker.com/out/1181?jobID=52481&u=https%253A%252F%252Fhaloservicesolutions.com%252Fcareers%252Fapply%252F%2523apply-here&signature=6f5e1954273b362ac1344a7cf2c23e64d3c8728b76874fd0c50efe6384d60504,Ipswich (Suffolk),0
147,graduate-chemist-programme-dutch-speaking, ,graduate-job,alfred-h-knight-ahk,Competitive + benefits,2:1,Ongoing, , , , , ,TBC,no,https://www.gradcracker.com/out/949?jobID=52885&u=https%253A%252F%252Fahkgroup.bamboohr.com%252Fcareers%252F557%253Fsource%253DaWQ9OA%25253D%25253D&signature=7891775deab5142c4a64dbb9751f9eed36f8db3cec79289584e29e3f81e1cf94,Raamsdonksveer (Netherlands),0
148,Facilities And Operations Director 2023,"Computing & IT, Environmental , Media & Arts, Operations",Graduate Employment in the UK,The Birmingham Repertory Theatre,"£40,000+", ,26-Jun-2023, , , , , ,Flexible,no,https://astonfutures.aston.ac.uk/leap/jobs.html?id=63039&service=Careers%20Service,Birmingham, 
149,graduate-chemist-programme-dutch-speaking, ,graduate-job,alfred-h-knight-ahk,Competitive + benefits,2:1,Ongoing, , , , , ,TBC,no,https://www.gradcracker.com/out/949?jobID=52885&u=https%253A%252F%252Fahkgroup.bamboohr.com%252Fcareers%252F557%253Fsource%253DaWQ9OA%25253D%25253D&signature=7891775deab5142c4a64dbb9751f9eed36f8db3cec79289584e29e3f81e1cf94,Raamsdonksveer (Netherlands),0
150,Facilities And Operations Director 2023,"Computing & IT, Environmental , Media & Arts, Operations",Graduate Employment in the UK,The Birmingham Repertory Theatre,"£40,000+", ,26-Jun-2023, , , , , ,Flexible,no,https://astonfutures.aston.ac.uk/leap/jobs.html?id=63039&service=Careers%20Service,Birmingham, 
151,Naval Ships - Graduate 2023,"Computing & IT, Electronics, Engineering, Manufacturing",Graduate Employment in the UK,BAE Systems,"£30,000 to £34,999", ,31-Jul-2023, , , , , ,,no,https://astonfutures.aston.ac.uk/leap/jobs.html?id=59795&service=Careers%20Service,"North West, South West", 
152,Junior Java Automation Developer 2023,"Analytics & Strategy, Business Development, Computing & IT, Consultancy, Engineering",Graduate Employment in the UK,Sparta Global,"£20,000 to £24,999", ,31-Jul-2023, , , , , ,,no,https://astonfutures.aston.ac.uk/leap/jobs.html?id=59515&service=Careers%20Service,"East Midlands, London, Scotland, Wales, West Midlands, Birmingham", 
153,Junior Java Developer 2023,"Analytics & Strategy, Business Development, Computing & IT, Consultancy, Engineering",Graduate Employment in the UK,Sparta Global,"£20,000 to £24,999", ,31-Jul-2023, , , , , ,,no,https://astonfutures.aston.ac.uk/leap/jobs.html?id=59507&service=Careers%20Service,"East Midlands, London, Scotland, Wales, Birmingham", 
154,Junior C# Developer - Graduate 2023,"Analytics & Strategy, Business Development, Computing & IT, Consultancy, Engineering",Graduate Employment in the UK,Sparta Global,To Be Confirmed (university staff use only), ,31-Jul-2023, , , , , ,,no,https://astonfutures.aston.ac.uk/leap/jobs.html?id=59491&service=Careers%20Service,"East Midlands, London, Scotland, Wales, Birmingham", 
155,"CERN Technical Student Programme IT, Mathematics & Robotics Placement 23/24",Computing & IT,"English Speaking Placement Abroad, Other Languages Placement Abroad",CERN,"£35,000 to £39,999", ,31-Jul-2023, , , , , ,Flexible,no,https://astonfutures.aston.ac.uk/leap/jobs.html?id=63061&service=Careers%20Service,Europe, 
156,Facilities And Operations Director 2023,"Computing & IT, Environmental , Media & Arts, Operations",Graduate Employment in the UK,The Birmingham Repertory Theatre,"£40,000+", ,26-Jun-2023, , , , , ,Flexible,no,https://astonfutures.aston.ac.uk/leap/jobs.html?id=63039&service=Careers%20Service,Birmingham, 
157,Service Analyst 2023,"Computing & IT, Healthcare",Graduate Employment in the UK,The Phoenix Partnership (TPP) Leeds,"£35,000 to £39,999", ,31-Aug-2023, , , , , ,Flexible,no,https://astonfutures.aston.ac.uk/leap/jobs.html?id=62991&service=Careers%20Service,Yorkshire, 
158,Data Scientist - KTP Associate 2023,"Analytics & Strategy, Computing & IT",Graduate Employment in the UK,Aston University - Knowledge Transfer Partnerships,"£30,000 to £34,999", ,29-Jun-2023, , , , , ,Flexible,no,https://astonfutures.aston.ac.uk/leap/jobs.html?id=62985&service=Careers%20Service,"North West, Birmingham", 
159,Technical Support Analyst 2023,Computing & IT,Graduate Employment in the UK,PTV UK Ltd,To Be Confirmed (university staff use only), ,31-Jul-2023, , , , , ,Flexible,no,https://astonfutures.aston.ac.uk/leap/jobs.html?id=62843&service=Careers%20Service,United Kingdom, 
160,"Project Manager - Immediate Start (Fixed Term, 12 Months)","Computing & IT, Project Management",Graduate Employment in the UK,SOTI,To Be Confirmed (university staff use only), ,20-Jun-2023, , , , , ,Immediate,no,https://astonfutures.aston.ac.uk/leap/jobs.html?id=62857&service=Careers%20Service,United Kingdom, 
161,Graduate Software Integration Developer 2023,Computing & IT,Graduate Employment in the UK,Graduate Recruitment Bureau (GRB),"£35,000 to £39,999", ,08-Jun-2023, , , , , ,Flexible,no,https://astonfutures.aston.ac.uk/leap/jobs.html?id=62791&service=Careers%20Service,United Kingdom, 
162,Graduate Financial Services Researcher (Immediate Start),Finance,Graduate Employment in the UK,Graduate Recruitment Bureau (GRB),"£30,000 to £34,999", ,19-Jun-2023, , , , , ,Immediate,no,https://astonfutures.aston.ac.uk/leap/jobs.html?id=62723&service=Careers%20Service,London, 
163,Network Graduate - Depot Management Development Programme - Graduate 2023 (Immediate Start),Logistics/Transport,Graduate Employment in the UK,DPD Group UK Ltd,"£20,000 to £24,999", ,03-Jul-2023, , , , , ,"24th July 2023, 21st August 2023",no,https://astonfutures.aston.ac.uk/leap/jobs.html?id=62727&service=Careers%20Service,West Midlands, 
164,Digital Transformation And Business Intelligence Associate 2023,"Analytics & Strategy, Business Development, Computing & IT, Operations, Science & Research",Graduate Employment in the UK,Aston University - Knowledge Transfer Partnerships,"£30,000 to £34,999", ,23-Jun-2023, , , , , ,TBC,no,https://astonfutures.aston.ac.uk/leap/jobs.html?id=60797&service=Careers%20Service,West Midlands, 
165,Finance Officer - Purchase Ledger (Fixed Term) 2023,"Administration, Finance",Graduate Employment in the UK,The Birmingham Repertory Theatre,"£20,000 to £24,999", ,19-Jun-2023, , , , , ,Flexible,no,https://astonfutures.aston.ac.uk/leap/jobs.html?id=62497&service=Careers%20Service,Birmingham, 
166,Supply Graduate Scheme 2023,"Engineering, Logistics/Transport, Supply Chain Management",Graduate Employment in the UK,Reckitt,To Be Confirmed (university staff use only), ,10-Jun-2023, , , , , ,04-Sep-2023,no,https://astonfutures.aston.ac.uk/leap/jobs.html?id=62255&service=Careers%20Service,United Kingdom, 
167,Bright Network Insight Experience 2023- Financial Services & Consulting,"Consultancy, Finance",Insight Programmes in the UK,Bright Network,Unpaid Learning Experiences (Insight Programmes/Study Abroad only), ,20-Jun-2023, , , , , ,26-Jun-2023,no,https://astonfutures.aston.ac.uk/leap/jobs.html?id=62359&service=Careers%20Service,United Kingdom, 
168,Finance Trainee 2023,"Banking, Finance, Investment Banking",Graduate Employment in the UK,Janus Henderson,To Be Confirmed (university staff use only), ,10-Jun-2023, , , , , ,25-Sep-2023,no,https://astonfutures.aston.ac.uk/leap/jobs.html?id=62225&service=Careers%20Service,United Kingdom, 
169,Data Stewardship Analyst Trainee 2023,"Banking, Computing & IT, Finance",Graduate Employment in the UK,Janus Henderson,To Be Confirmed (university staff use only), ,10-Jun-2023, , , , , ,25-Sep-2023,no,https://astonfutures.aston.ac.uk/leap/jobs.html?id=62221&service=Careers%20Service,United Kingdom, 
170,Logistics Graduate Management Trainee 2023,Logistics/Transport,Graduate Employment in the UK,Rhenus Logistics,To Be Confirmed (university staff use only), ,31-Jul-2023, , , , , ,Flexible,no,https://astonfutures.aston.ac.uk/leap/jobs.html?id=61543&service=Careers%20Service,United Kingdom, 
171,Graduate Insurance Broker Scheme 2023,Graduate Employment in the UK,NQVD3,Graduate Recruitment Bureau (GRB),"Finance, Insurance", ,30-Jun-2023, , , , , ,Immediate,no,https://astonfutures.aston.ac.uk/leap/jobs.html?id=61843&service=Careers%20Service,South East, 
172,Graduate Software Developer 2023,"Aviation/Aerospace, Computing & IT, Engineering, Manufacturing",Graduate Employment in the UK,Tata Technologies,Competitive (not applicable to placements), ,31-Jul-2023, , , , , ,Georgina.Ellison@tatatechnologies.com,no,https://astonfutures.aston.ac.uk/leap/jobs.html?id=60375&service=Careers%20Service,United Kingdom, 
173,Graduate Trainee Accountant 2023,"Accountancy/Tax, Finance",Graduate Employment in the UK,Langard Lifford Hall Limited,"£20,000 to £24,999", ,31-Jul-2023, , , , , ,"Interviews will be arranged as and when applications are received - there are no specific interview dates set at present.

Candidates will be expected to start employment immediately or summer 2023 - exact date can be agreed in due course with the successful candidates.",no,https://astonfutures.aston.ac.uk/leap/jobs.html?id=60219&service=Careers%20Service,West Midlands, 
174,Junior Software Developer - Graduate 2023,"Computing & IT, Consultancy, Electronics",Graduate Employment in the UK,Reply,To Be Confirmed (university staff use only), ,31-Jul-2023, , , , , ,Flexible,no,https://astonfutures.aston.ac.uk/leap/jobs.html?id=60051&service=Careers%20Service,United Kingdom, 
175,Junior Cloud Consultant - Graduate 2023,"Computing & IT, Consultancy",Graduate Employment in the UK,Reply,To Be Confirmed (university staff use only), ,31-Jul-2023, , , , , ,Flexible,no,https://astonfutures.aston.ac.uk/leap/jobs.html?id=60047&service=Careers%20Service,United Kingdom, 
176,Junior Technology Consultant - Graduate 2023,"Computing & IT, Consultancy",Graduate Employment in the UK,Reply,To Be Confirmed (university staff use only), ,31-Jul-2023, , , , , ,Flexible,no,https://astonfutures.aston.ac.uk/leap/jobs.html?id=60069&service=Careers%20Service,United Kingdom, 
177,"Intern, Product Management Engineer (starting Summer 2023)","IT Services and IT Consulting, Design Services, and Software Development",Autodesk, , , , , , , , , ,no,,"Birmingham, England, United Kingdom", ,
178,Oracle Fusion Reports Developer,Telecommunications,Liberty Global, , , , , , , , , ,no,,"Bradford, England, United Kingdom", ,
179,Data Centre Engineer,Food and Beverage Manufacturing,Müller UK & Ireland, , , , , , , , , ,no,,"Market Drayton, England, United Kingdom", ,
180,Cloud Data Engineer - Clickstream,Gambling Facilities and Casinos,Kindred Group plc, , , , , , , , , ,no,,"London, England, United Kingdom", ,
181,Data Engineer,"IT Services and IT Consulting, Banking, and Financial Services",FDM Group, , , , , , , , , ,no,,"Leeds, England, United Kingdom", ,
182,Graduate Data Analyst,Insurance,Hays, , , , , , , , , ,no,,"Croydon, England, United Kingdom", ,
183,Data Engineer,Insurance,Direct Line Group, , , , , , , , , ,no,,"London, England, United Kingdom", ,
185,Business Systems Software Engineer,Software Development,Verkada, , , , , , , , , ,no,,"London, England, United Kingdom", ,
186,Analytics Engineer - Growth,Financial Services,Dojo, , , , , , , , , ,no,,"London, England, United Kingdom", ,
187,Data Engineer - Need to be eligible for Security Clearance,IT Services and IT Consulting,developrec, , , , , , , , , ,no,,"London, England, United Kingdom", ,
188,Apprentice Data Engineer,Airlines and Aviation,Jet2.com and Jet2holidays, , , , , , , , , ,no,,"Leeds, England, United Kingdom", ,
189,Linux Engineer,Computer and Network Security,Darktrace, , , , , , , , , ,no,,"Cambridge, England, United Kingdom", ,
190,Quantitative Data Engineer,Financial Services,Schonfeld, , , , , , , , , ,no,,"London, England, United Kingdom", ,
191,Data Engineer,Defense and Space Manufacturing,Babcock International Group, , , , , , , , , ,no,,"Bristol, England, United Kingdom", ,
192,Data Engineer,Airlines and Aviation,Harnham, , , , , , , , , ,no,,"London, England, United Kingdom", ,
193,Data Engineer,Financial Services,Pioneer Search, , , , , , , , , ,no,,"London, England, United Kingdom", ,
194,Insights Analyst – Internship,Pharmaceutical Manufacturing,Boehringer Ingelheim, , , , , , , , , ,no,,"Bracknell, England, United Kingdom", ,
195,Data Engineer,Financial Services,Vitality, , , , , , , , , ,no,,"Bournemouth, England, United Kingdom", ,
196,Data Engineer,Information Technology & Services,Cervello, , , , , , , , , ,no,,"London, England, United Kingdom", ,
197,Data Engineer,IT Services and IT Consulting,Fruition IT, , , , , , , , , ,no,,"Leeds, England, United Kingdom", ,
198,Data Engineer,Insurance,Atlanta Group, , , , , , , , , ,no,,"Stoke-on-Trent, England, United Kingdom", ,
199,Data Analyst - Utilities,Business Consulting and Services,RPS, , , , , , , , , ,no,,"Sheffield, England, United Kingdom", ,
200,Machine Learning Engineer 2023 Internship Programme (6 months),IT Services and IT Consulting,CGG, , , , , , , , , ,no,,"Crawley, England, United Kingdom", ,
201,Systems Engineer,IT Services and IT Consulting and Business Consulting and Services,Expleo Group, , , , , , , , , ,no,,"Bristol, England, United Kingdom", ,
202,Data Engineer,IT Services and IT Consulting,Oliver James, , , , , , , , , ,no,,"City of London, England, United Kingdom", ,
203,Data Engineer,Information Services,Kainos, , , , , , , , , ,no,,"Belfast, Northern Ireland, United Kingdom", ,
204,Data Engineer,Information Services,Kainos, , , , , , , , , ,no,,"Belfast, Northern Ireland, United Kingdom", ,
205,Forward-deployed Data Engineer,Business Consulting and Services,Boston Consulting Group (BCG), , , , , , , , , ,no,,"London, England, United Kingdom", ,
206,Data Engineer,Financial Services,Cleo, , , , , , , , , ,no,,"London, England, United Kingdom", ,
207,Data Engineer,"Appliances, Electrical, and Electronics Manufacturing",Dyson, , , , , , , , , ,no,,"Malmesbury, England, United Kingdom", ,
208,Data Analyst,Human Resources Services,ClickJobs.io, , , , , , , , , ,no,,"London, England, United Kingdom", ,
210,Scala Engineer,Staffing and Recruiting,Signify Technology, , , , , , , , , ,no,,"London, England, United Kingdom", ,
211,Cloud Engineer,"Renewable Energy Semiconductor Manufacturing, Oil and Gas, and Utilities",SSE plc, , , , , , , , , ,no,,"Andover, England, United Kingdom", ,
212,Data Engineer,Insurance,Hastings Direct, , , , , , , , , ,no,,"East Sussex, England, United Kingdom", ,
213,Trainee Software Engineer (Python) - Titchfield or Newport,IT Services and IT Consulting,Tech Skilling, , , , , , , , , ,no,,"England, United Kingdom", ,
214,Data Analyst - Utilities,Business Consulting and Services,RPS, , , , , , , , , ,no,,"Leeds, England, United Kingdom", ,
215,Graduate System Engineer,Telecommunications,Motorola Solutions, , , , , , , , , ,no,,"Rugby, England, United Kingdom", ,
216,BI Data Engineer,Financial Services,Vitality, , , , , , , , , ,no,,"Bournemouth, England, United Kingdom", ,
217,Business Intelligence Data Engineer,Staffing and Recruiting,Guardian Jobs, , , , , , , , , ,no,,"London, England, United Kingdom", ,
218,Data Analyst,Government Administration,Kent County Council, , , , , , , , , ,no,,"Maidstone, England, United Kingdom", ,
219,Cloud Engineer,"IT Services and IT Consulting, Capital Markets, and Software Development",Thomson Keene, , , , , , , , , ,no,,"City of London, England, United Kingdom", ,
220,Business Intelligence Data Engineer,Staffing and Recruiting,Guardian Jobs, , , , , , , , , ,no,,"London, England, United Kingdom", ,
221,Data Engineer - Investment Team,Financial Services,Schonfeld, , , , , , , , , ,no,,"London, England, United Kingdom", ,
222,Cloud Engineer (AWS),Computer and Network Security,Darktrace, , , , , , , , , ,no,,"Cambridge, England, United Kingdom", ,
223,SQL Developer,Financial Services,Equiniti, , , , , , , , , ,no,,"Shoreham by Sea, England, United Kingdom", ,
224,Data Engineer,Gambling Facilities and Casinos,Kindred Group plc, , , , , , , , , ,no,,"London, England, United Kingdom", ,
225,SQL Developer,Civil Engineering,JN Bentley, , , , , , , , , ,no,,"Leeds, England, United Kingdom", ,
226,Data and Analytics Developer,Human Resources Services,ClickJobs.io, , , , , , , , , ,no,,"London, England, United Kingdom", ,
227,Cloud Engineer,Gambling Facilities and Casinos,William Hill, , , , , , , , , ,no,,"Leeds, England, United Kingdom", ,
228,Data Engineer,"IT Services and IT Consulting, Banking, and Financial Services",FDM Group, , , , , , , , , ,no,,"Glasgow, Scotland, United Kingdom", ,
229,Forward-deployed Data Engineer,Business Consulting and Services,Boston Consulting Group (BCG), , , , , , , , , ,no,,"London, England, United Kingdom", ,
230,Data Engineer,Financial Services,Cleo, , , , , , , , , ,no,,"London, England, United Kingdom", ,
231,Data Engineer,"Appliances, Electrical, and Electronics Manufacturing",Dyson, , , , , , , , , ,no,,"Malmesbury, England, United Kingdom", ,
232,Data Analyst,Human Resources Services,ClickJobs.io, , , , , , , , , ,no,,"London, England, United Kingdom", ,
234,Scala Engineer,Staffing and Recruiting,Signify Technology, , , , , , , , , ,no,,"London, England, United Kingdom", ,
235,Cloud Engineer,"Renewable Energy Semiconductor Manufacturing, Oil and Gas, and Utilities",SSE plc, , , , , , , , , ,no,,"Andover, England, United Kingdom", ,
236,Data Engineer,Insurance,Hastings Direct, , , , , , , , , ,no,,"East Sussex, England, United Kingdom", ,
237,Database Engineer,Staffing and Recruiting,Jobs via eFinancialCareers, , , , , , , , , ,no,,"London, England, United Kingdom", ,
238,Trainee Software Engineer (Python) - Titchfield or Newport,IT Services and IT Consulting,Tech Skilling, , , , , , , , , ,no,,"England, United Kingdom", ,
239,Data Analyst - Utilities,Business Consulting and Services,RPS, , , , , , , , , ,no,,"Leeds, England, United Kingdom", ,
240,Graduate System Engineer,Telecommunications,Motorola Solutions, , , , , , , , , ,no,,"Rugby, England, United Kingdom", ,
241,BI Data Engineer,Financial Services,Vitality, , , , , , , , , ,no,,"Bournemouth, England, United Kingdom", ,
242,Business Intelligence Data Engineer,Staffing and Recruiting,Guardian Jobs, , , , , , , , , ,no,,"London, England, United Kingdom", ,
243,Cloud Engineer,"IT Services and IT Consulting, Capital Markets, and Software Development",Thomson Keene, , , , , , , , , ,no,,"City of London, England, United Kingdom", ,
244,Data Analyst,Government Administration,Kent County Council, , , , , , , , , ,no,,"Maidstone, England, United Kingdom", ,
245,Data Engineer - Investment Team,Financial Services,Schonfeld, , , , , , , , , ,no,,"London, England, United Kingdom", ,
246,Cloud Engineer (AWS),Computer and Network Security,Darktrace, , , , , , , , , ,no,,"Cambridge, England, United Kingdom", ,
247,SQL Developer,Financial Services,Equiniti, , , , , , , , , ,no,,"Shoreham by Sea, England, United Kingdom", ,
248,Data Engineer,Gambling Facilities and Casinos,Kindred Group plc, , , , , , , , , ,no,,"London, England, United Kingdom", ,
249,SQL Developer,Civil Engineering,JN Bentley, , , , , , , , , ,no,,"Leeds, England, United Kingdom", ,
250,Data and Analytics Developer,Human Resources Services,ClickJobs.io, , , , , , , , , ,no,,"London, England, United Kingdom", ,
251,Cloud Engineer,Gambling Facilities and Casinos,William Hill, , , , , , , , , ,no,,"Leeds, England, United Kingdom", ,
252,Data Engineer,"IT Services and IT Consulting, Banking, and Financial Services",FDM Group, , , , , , , , , ,no,,"Glasgow, Scotland, United Kingdom", ,
253,System Engineer,Aviation and Aerospace Component Manufacturing,Airbus, , , , , , , , , ,no,,"Portsmouth, England, United Kingdom", ,
254,Data Analyst,Financial Services,Legal & General, , , , , , , , , ,no,,"Cardiff, Wales, United Kingdom", ,
255,Database Developer,"Advertising Services, Information Services, and Retail",Venturi, , , , , , , , , ,no,,"London, England, United Kingdom", ,
256,Data Engineer,Staffing and Recruiting,Harnham, , , , , , , , , ,no,,"Manchester, England, United Kingdom", ,
257,Analytics Engineer,Financial Services,Cleo, , , , , , , , , ,no,,"London, England, United Kingdom", ,
258,Commercial Data Analyst,Construction,Skanska, , , , , , , , , ,no,,"London, England, United Kingdom", ,
260,DevOps Engineer,IT Services and IT Consulting,Meltwater, , , , , , , , , ,no,,"London, England, United Kingdom", ,
261,Timetabling Data Analyst,Higher Education,Falmouth Exeter Plus, , , , , , , , , ,no,,"Penryn, England, United Kingdom", ,
262,Data Engineer,Staffing and Recruiting,Hays, , , , , , , , , ,no,,"Preston, England, United Kingdom", ,
263,ServiceNow Developer,Hospitality,Hilton, , , , , , , , , ,no,,"Glasgow, Scotland, United Kingdom", ,
264,Data Analyst,Airlines and Aviation,Jet2.com and Jet2holidays, , , , , , , , , ,no,,"Leeds, England, United Kingdom", ,
265,Data Analyst,Financial Services,Legal & General, , , , , , , , , ,no,,"Hove, England, United Kingdom", ,
266,Data Engineer,Staffing and Recruiting,Harnham, , , , , , , , , ,no,,"Leeds, England, United Kingdom", ,
268,Data Analyst (12 Month FTC),Financial Services,Close Brothers, , , , , , , , , ,no,,"London, England, United Kingdom", ,
269,Data Engineer,Staffing and Recruiting,Hays, , , , , , , , , ,no,,"London, England, United Kingdom", ,
270,Data Analyst,"Computer and Network Security, Legal Services, and Accounting",identifi Global Resources, , , , , , , , , ,no,,"Manchester, England, United Kingdom", ,
271,Data Analyst,Staffing and Recruiting,Hays, , , , , , , , , ,no,,"Brighouse, England, United Kingdom", ,
273,Insight Analyst,Staffing and Recruiting,Harnham, , , , , , , , , ,no,,"High Wycombe, England, United Kingdom", ,
274,Data Analyst,Food & Beverages,Grupo Modelo S.A. de C.V., , , , , , , , , ,no,,"Coll, Scotland, United Kingdom", ,
275,DATA ENGINEER - LEADING HEDGE FUND,Staffing and Recruiting,Jobs via eFinancialCareers, , , , , , , , , ,no,,"London, England, United Kingdom", ,
276,Data Analyst,Staffing and Recruiting,Jobs via eFinancialCareers, , , , , , , , , ,no,,"London, England, United Kingdom", ,
277,Data Engineer,IT Services and IT Consulting,Adecco, , , , , , , , , ,no,,"London, England, United Kingdom", ,
278,Software Systems Engineer (DevOps),IT Services and IT Consulting and Business Consulting and Services,Expleo Group, , , , , , , , , ,no,,"Frimley, England, United Kingdom", ,
279,DevOps Engineer - AWS,IT Services and IT Consulting,BJSS, , , , , , , , , ,no,,"Exeter, England, United Kingdom", ,
280,"Software Engineer - Python, Java, Typescript - Energy Start-up",IT Services and IT Consulting,Claremont Consulting, , , , , , , , , ,no,,"Birmingham, England, United Kingdom", ,
281,Systems Engineers (All Levels),"Defense and Space Manufacturing, Aviation and Aerospace Component Manufacturing, and Computer and Network Security",Leonardo, , , , , , , , , ,no,,"Edinburgh, Scotland, United Kingdom", ,
282,Content Protection Data Analyst,"IT Services and IT Consulting, Spectator Sports, and Law Enforcement",The Premier League, , , , , , , , , ,no,,"London, England, United Kingdom", ,
283,Data Governance Analyst,IT Services and IT Consulting,Volkswagen Financial Services (UK), , , , , , , , , ,no,,"Milton Keynes, England, United Kingdom", ,
284,Software Engineer,"Transportation, Logistics, Supply Chain and Storage",Dematic, , , , , , , , , ,no,,"Stockport, England, United Kingdom", ,
285,"Platform Engineer, Winchester, Up to £80K/Annum",Accounting,Austin Fraser, , , , , , , , , ,no,,"Winchester, England, United Kingdom", ,
286,"Software Engineer - £66,000 + 10% Bonus",Software Development,Computer Futures, , , , , , , , , ,no,,"Chester, England, United Kingdom", ,
287,Embedded Software Engineer (IoT),"Appliances, Electrical, and Electronics Manufacturing",Dyson, , , , , , , , , ,no,,"Bristol, England, United Kingdom", ,
288,Data Engineer,Financial Services,StoneX Group Inc., , , , , , , , , ,no,,"London, England, United Kingdom", ,
289,Python/Wagtail Developer,Fundraising,Great Ormond Street Hospital Children's Charity, , , , , , , , , ,no,,"London, England, United Kingdom", ,
290,Compliance Data Analyst,Gambling Facilities and Casinos,William Hill, , , , , , , , , ,no,,"Leeds, England, United Kingdom", ,
291,Asset Data Analyst,Financial Services,Legal & General, , , , , , , , , ,no,,"London, England, United Kingdom", ,
292,Data Protection Analyst,"Technology, Information and Internet",THG, , , , , , , , , ,no,,"Manchester, England, United Kingdom", ,
293,Data Scientist - Commercial & Marketing Analytics,IT Services and IT Consulting and Information Services,Michael Page, , , , , , , , , ,no,,"West Midlands, England, United Kingdom", ,
294,Digital Data Analyst,"Food and Beverage Services, Retail, and Hospitality",Greene King, , , , , , , , , ,no,,"Burton upon Trent, England, United Kingdom", ,
296,Salesforce Solution Engineer,IT Services and IT Consulting and Financial Services,LSEG (London Stock Exchange Group), , , , , , , , , ,no,,"London, England, United Kingdom", ,
297,Salesforce Solution Engineer,IT Services and IT Consulting and Financial Services,LSEG (London Stock Exchange Group), , , , , , , , , ,no,,"London, England, United Kingdom", ,
298,IT System Engineer,Software Development,Lakeside Software, , , , , , , , , ,no,,"London, England, United Kingdom", ,
299,Ecommerce Data Analyst,Wholesale,TAKKT Group, , , , , , , , , ,no,,"Derby, England, United Kingdom", ,
300,AFC Data Analyst,Financial Services,abrdn, , , , , , , , , ,no,,"Edinburgh, Scotland, United Kingdom", ,
301,Data Engineer - Data Science,Non-profit Organizations,LifeArc, , , , , , , , , ,no,,"Stevenage, England, United Kingdom", ,
302,"Platform Engineer, Songkick","Book and Periodical Publishing, Musicians, and Entertainment Providers",Warner Music Group, , , , , , , , , ,no,,"London, England, United Kingdom", ,
303,Junior Software Engineer,Financial Services,PayPoint plc, , , , , , , , , ,no,,"Welwyn Garden City, England, United Kingdom", ,
304,Oil Trading Data Engineer,Staffing and Recruiting,Jobs via eFinancialCareers, , , , , , , , , ,no,,"London, England, United Kingdom", ,
305,JUNIOR DATA SCIENTIST & ANALYST PLACEMENT - 2024 INTAKE,Advertising Services,Medialab Group, , , , , , , , , ,no,,"London, England, United Kingdom", ,
306,Data Governance Analyst,Insurance,Direct Line Group, , , , , , , , , ,no,,"London, England, United Kingdom", ,
307,Fraud Data Analyst,Financial Services,NewDay, , , , , , , , , ,no,,"London, England, United Kingdom", ,
308,data-science-researcher-graduate, ,graduate-job,bae-systems,"£34,000 + benefits",2:2,24-6-2023, , , , , ,TBC,no,https://www.gradcracker.com/out/141?jobID=46429&u=https%253A%252F%252Fwww.baesystems.com%252Fen%252Fcareers%252Fcareers-in-the-uk%252Fgraduates%252Faccelerate%253Futm_source%253Dgradcracker%2526utm_medium%253Dcpc%2526utm_campaign%253Dclass-of-2023-grad-ugrad%2526utm_content%253Djob-listing&signature=e0841cb06cd2be8aac970a97af7b06ad9e793a93128bf78456ed74aa243f57f5,Great Baddow (Hampshire),0
309,analyst, ,graduate-job,aurora-energy-research,Competitive + benefits,2:1,Ongoing, , , , , ,TBC,no,https://www.gradcracker.com/out/1119?jobID=52910&u=https%253A%252F%252Fwww.irishrcloud.co.uk%252Frecruit%252Fapplication%252Fapply.aspx%253Fcid%253D2632-393F3F89-B63D-4892-A93B-00402FCF3A88%2526VacancyID%253D20513-5CC71EC1-385A-4DBD-A483-59AD487626FB&signature=e8c73b93569e3043048506ed6ce021d7433cdb9371f51fd44dee486ddd9a16e8,Paris,0
310,experimental-and-applied-physicists-evergreen, ,graduate-job,awe,"£31,000 - £35,000 + benefits",all grades,27-6-2023, , , , , ,TBC,no,https://www.gradcracker.com/hub/61/awe/graduate-job/52909/experimental-and-applied-physicists-evergreen,Reading,0
311,theoretical-physicists-evergreen, ,graduate-job,awe,"£31,000 - £35,000 + benefits",all grades,27-6-2023, , , , , ,TBC,no,https://www.gradcracker.com/hub/61/awe/graduate-job/52908/theoretical-physicists-evergreen,Reading,0
312,computational-modelling-physicists-evergreen, ,graduate-job,awe,"£31,000 - £35,000 + benefits",all grades,27-6-2023, , , , , ,TBC,no,https://www.gradcracker.com/hub/61/awe/graduate-job/52907/computational-modelling-physicists-evergreen,Reading,0
313,graduate-data-engineering-consultant-leeds-glasgow, ,graduate-job,fdm-group,Competitive + benefits,2:2,Ongoing, , , , , ,TBC,no,https://www.gradcracker.com/out/308?jobID=41622&u=https%253A%252F%252Fcareers.fdmgroup.com%252Fvacancies%252F105%252Fgraduate-data-engineering-consultant.html&signature=e66ee07b6ddd9aafcc7c4deee21cc1c47a402d658000ce8f64efa52f711c49b5,Leeds and Glasgow,0
314,graduate-technical-operations-consultant-leeds, ,graduate-job,fdm-group,Competitive + benefits,2:2,Ongoing, , , , , ,TBC,no,https://www.gradcracker.com/out/308?jobID=36919&u=https%253A%252F%252Fcareers.fdmgroup.com%252Fvacancies%252F131%252Fjunior-technical-operations-consultant--leeds.html%253Futm_source%253Dgradcracker%2526utm_medium%253Djobad%2526utm_campaign%253Dgrad_techops_%2526utm_content%253Dleeds_&signature=52c7d647ca1e969d8fa8d98acc56d605f56a72e44e683ce957cd4ac9ef5f6286,Leeds,0
315,graduate-software-development-consultant-leeds, ,graduate-job,fdm-group,Competitive + benefits,2:2,Ongoing, , , , , ,TBC,no,https://www.gradcracker.com/out/308?jobID=37804&u=https%253A%252F%252Fcareers.fdmgroup.com%252Fvacancies%252F121%252Fgraduate-software-development-consultant.html&signature=ad35ad487f89f48aafb7c05c4210c8edfaa1ce10e2d6dec89e079fda8f41fa33,Leeds,0
316,china-software-development-consultant-graduate-programme, ,graduate-job,fdm-group,Competitive + benefits,2:2,Ongoing, , , , , ,TBC,no,https://www.gradcracker.com/out/308?jobID=52818&u=https%253A%252F%252Fcareers.fdmgroup.com%252Fvacancies%252F444%252Fchina--software-development-consultant-graduate-programme-%2525E8%2525BD%2525AF%2525E4%2525BB%2525B6%2525E5%2525BC%252580%2525E5%25258F%252591%2525E7%2525AE%2525A1%2525E5%25259F%2525B9%2525E7%252594%25259F.html%253Futm_source%253Dgradcracker%2526utm_medium%253Dprofile%2526utm_campaign%253Droles_%2526utm_content%253Dchina&signature=76f04e63ea207d94c099de97dd11eb2185c42539e5e9362a97e50c98f93fe28d,China,0
317,hong-kong-software-development-graduate-programme, ,graduate-job,fdm-group,Competitive + benefits,2:2,Ongoing, , , , , ,TBC,no,https://www.gradcracker.com/out/308?jobID=52811&u=https%253A%252F%252Fcareers.fdmgroup.com%252Fvacancies%252F497%252Fhong-kong--software-development-graduate-programme.html%253Futm_source%253Dgradcracker%2526utm_medium%253Dprofile%2526utm_campaign%253Droles_%2526utm_content%253Dhongkong&signature=8116dae5d8e89af8e5879e40d0d607a543c936655ed382a9b54644f4d677259e,Hong Kong,0
318,flood-risk-data-analyst-team-member, ,graduate-job,environment-agency,"£25,042 + benefits",all grades,Ongoing, , , , , ,TBC,no,https://www.gradcracker.com/out/154?jobID=52904&u=https%253A%252F%252Fenvironmentagencycareers.co.uk%252Fjobs%252FFlood-Risk-Data-Analyst-Team-Member%252F&signature=61ff338fcdd1976c9b4c6c1b3aacb0ce8756e29bca154abc7a4ac4ddcfa4ffbc,,0
319,architecture-level-7-degree-apprenticeship-london, ,graduate-job,arup,Competitive + benefits,2:2,23-6-2023, , , , , ,TBC,no,https://www.gradcracker.com/hub/169/arup/graduate-job/52899/architecture-level-7-degree-apprenticeship-london,London,0
320,it-graduate-programme-enterprise-2023, ,graduate-job,sse,Competitive + benefits,2:2,18-6-2023, , , , , ,TBC,no,https://www.gradcracker.com/hub/420/sse/graduate-job/52897/it-graduate-programme-enterprise-2023,Reading,0
321,graduate-assistant-information-controller, ,graduate-job,martin-baker,Competitive + benefits,2:1,19-6-2023, , , , , ,TBC,no,https://www.gradcracker.com/out/646?jobID=52793&u=https%253A%252F%252Fmbapeople.ciphr-irecruit.com%252FApplicants%252Fvacancy%252F366%252FGraduate--Assistant-Information-Controller&signature=45139eed29eceb25af9b6edc8f90ced7c7dd5183502943fcdd6aba8352134688,Denham (Middlesex),0
322,junior-data-processing-analyst, ,graduate-job,adelphi,Competitive + benefits,all grades,Ongoing, , , , , ,TBC,no,https://www.gradcracker.com/out/1061?jobID=51696&u=https%253A%252F%252Feucareers-omnicomhealthgroup.icims.com%252Fjobs%252F37347%252Fjunior-data-processing-analyst%252Fjob%253Fmode%253Dview&signature=b16b8d9c7711919a0bde04e97df0e21ade36809cde77abb2efca718173b15fc2,Bollington (Cheshire),0
323,graduate-development-programme-technical, ,graduate-job,brett,"£28,000 + benefits",2:2,18-6-2023, , , , , ,TBC,no,https://www.gradcracker.com/out/1190?jobID=52809&u=https%253A%252F%252Fapplicant.recruit-better.com%252Fjob%252Fbrett-early-careers%252Fgraduate-development-programme-technical%252F4501&signature=b67c9b7726a2704da0739daf1c180f6e044f9c908a9b59a1bc3728b0d0334800,Ridham (Kent),0
324,graduate-business-analysts-flexible-start-dates, ,graduate-job,tpp,"£50,000 + benefits",2:1,Ongoing, , , , , ,TBC,no,https://www.gradcracker.com/out/578?jobID=18466&u=https%253A%252F%252Ftpp-careers.com%252Froles%252Fbusiness-analyst%252F&signature=7252afd7285ff6783b9218175616a7cf106aa8923f8cf9f0963790abc950f017,Leeds,0
325,uk-graduate-programme-operations, ,graduate-job,johnson-matthey,Competitive + benefits,2:1,20-10-2023, , , , , ,TBC,no,https://www.gradcracker.com/hub/147/johnson-matthey/graduate-job/52861/uk-graduate-programme-operations,Royston (Herts),0
326,software-developer, ,graduate-job,graduates-into-health,"£33,706 - £40,588",all grades,18-6-2023, , , , , ,TBC,no,https://www.gradcracker.com/out/748?jobID=52081&u=https%253A%252F%252Fwww.graduatesintohealth.co.uk%252Fsoutheastsouthwest%252F2023%252F2%252F10%252Fsoftware-developer-sittingbourne-kent&signature=a9c3b35dd8040653e068c2276df0ed70b1a7fc74c4daeb6bd33c6ef4ab50e764,Sittingbourne (Kent),0
327,graduate-software-engineer, ,graduate-job,_nology,"£26,000 + benefits",all grades,30-6-2023, , , , , ,TBC,no,https://www.gradcracker.com/out/918?jobID=52855&u=https%253A%252F%252Fapply.workable.com%252Fnology%252Fj%252FE5FD5B936C%252F&signature=b50e105d33a3f037ca95be90bed14079303f8ac46eab65aef9f4a9d8489cf457,London,0
328,finance-graduate-gdp, ,graduate-job,raytheon-systems-limited,"£29,500 + £3,000 joining bonus + twice yearly pay reviews in 1st 2 years while completing the Graduate Development Programme + benefits",2:2,Ongoing, , , , , ,TBC,no,https://www.gradcracker.com/hub/173/raytheon-systems-limited/graduate-job/52854/finance-graduate-gdp,Manchester,0
329,business-development-graduate-manchester-sept-2023, ,graduate-job,keyence,"£33,000 per annum, plus area allowance and quarterly bonus + benefits",all grades,31-7-2023, , , , , ,TBC,no,https://www.gradcracker.com/out/923?jobID=52841&u=https%253A%252F%252Fjob.axol.jp%252Fvb%252Fc%252Fkeyence_global%252Fentry_5726160118%252F&signature=8f22be1d04143660df85e706cafe2958d713681e10562f6c647ea3e19fcd1fb2,Manchester,0
330,insurance-specialist, ,graduate-job,cargill,Competitive + benefits,all grades,Ongoing, , , , , ,TBC,no,https://www.gradcracker.com/hub/135/cargill/graduate-job/52832/insurance-specialist,Weybridge (Surrey) and London (Hybrid),0
331,cyber-security-graduate-engineer, ,graduate-job,smiths-detection,"£26,000 + benefits",2:1,Ongoing, , , , , ,TBC,no,https://www.gradcracker.com/hub/1016/smiths-detection/graduate-job/43227/cyber-security-graduate-engineer,Hemel Hempstead (Hertfordshire),0
332,graduate-software-development-engineer, ,graduate-job,nfocus,Competitive + benefits,all grades,Ongoing, , , , , ,TBC,no,https://www.gradcracker.com/hub/1010/nfocus/graduate-job/42930/graduate-software-development-engineer,London,0
333,linux-engineers, ,graduate-job,jane-street,Competitive + benefits,all grades,30-6-2023, , , , , ,TBC,no,https://www.gradcracker.com/out/820?jobID=44448&u=https%253A%252F%252Fwww.janestreet.com%252Fjoin-jane-street%252Fposition%252F5448055002%252F&signature=4c4e467da4511cb490af35e06c89cd55b02b2672dd896e56638899707e31bdbd,London,0
334,graduate-software-engineer, ,graduate-job,cambridge-consultants,Competitive + Profit Share + Generous pension + benefits,2:1,30-6-2023, , , , , ,TBC,no,https://www.gradcracker.com/hub/1088/cambridge-consultants/graduate-job/45350/graduate-software-engineer,Cambridge,0
335,graduate-finance-assistant, ,graduate-job,bouygues-uk,Competitive + benefits,2:1,20-6-2023, , , , , ,TBC,no,https://www.gradcracker.com/hub/536/bouygues-uk/graduate-job/52819/graduate-finance-assistant,Southwark (London),0
336,graduate-machine-learning-data-scientist, ,graduate-job,cambridge-consultants,Competitive + benefits,2:1,30-6-2023, , , , , ,TBC,no,https://www.gradcracker.com/out/1088?jobID=47789&u=https%253A%252F%252Fcareers.cambridgeconsultants.com%252Ffind-a-job%252F1655%252Fgraduate-machine-learning-data-scientist%253Fsearch%253Dhttps%25253A%25252F%25252Fwww.cambridgeconsultants.com%25252Fcareers%25252Fsearch%25253Fq%25253DGraduate%252526idx%25253Dprod_CCL_careers%252526p%25253D0%252526dFR%2525255Bfield_location%2525255D%2525255B0%2525255D%25253DCambridge%2525252C%25252520UK%252526button%25253D&signature=9cd900ad90e051583395536fd275ec47a49267d1d5121dc446714fe2abdeae05,Cambridge,0
337,junior-qa-automation-engineer, ,graduate-job,reply,Competitive + benefits,2:1,Ongoing, , , , , ,TBC,no,https://www.gradcracker.com/out/691?jobID=52758&u=https%253A%252F%252Fcareer5.successfactors.eu%252Fsfcareer%252Fjobreqcareer%253FjobId%253D9644%2526company%253DC0004534147P&signature=4f15f6fb8a3d103b3b90e03605cad0484a572dec77dd51996897511133ced723,London (Hybrid),0
338,embedded-software-development-graduate, ,graduate-job,proactsis-controls,"£26,000 - £29,000 + benefits",2:1,30-6-2023, , , , , ,TBC,no,https://www.gradcracker.com/hub/903/proactsis-controls/graduate-job/34515/embedded-software-development-graduate,Norwich,0
339,graduate-it-support-engineer, ,graduate-job,venture,"£23,000 - £25,000 (depending on experience) + benefits",all grades,Ongoing, , , , , ,TBC,no,https://www.gradcracker.com/out/1080?jobID=52747&u=https%253A%252F%252Fapp.loxo.co%252Fjob%252FMTI4MDYta2h1MXc3cWYxc2NnbG96Nw%253D%253D%253Ft%253D1684322213931&signature=dfa0c483d8354ca2ac72e54bad757856a334592b553c97042a661ca13a50d619,Blackwood (South Wales),0
333,"Intern, Product Management Engineer (starting Summer 2023)","IT Services and IT Consulting, Design Services, and Software Development",Autodesk, , , , , , , , , ,no,,"Birmingham, England, United Kingdom", 
